object_index,region_index,category_index,px,py,pz,a0x,a0y,a0z,a1x,a1y,a1z,r0,r1,r2,rT
93,6,2,1.68818,0.424312,2.1309,1,0,0,-0,0,1,0.694539,0.0617023,0.0474796,e
114,6,44,1.86202,-1.43625,0.589406,-1,2.22045e-16,0,0,0,1,0.482468,0.285857,0.250728,e
115,6,0,0.758759,-0.797976,1.08999,1,0,0,0,1,0,1.70908,1.35577,1.10483,e
116,6,1,0.351876,-2.10108,1.06001,0,0,1,1,0,0,1.04879,0.941981,0.0476655,e
118,6,2,0.719852,-0.777813,2.11352,1,0,0,0,1,0,1.66664,1.33965,0.0911297,e
120,6,3,0.734306,-0.771673,0.1164,1,0,0,0,1,0,1.68073,1.32475,0.134348,e
121,6,19,1.89513,-1.67373,1.58084,0,0,1,-1,2.22045e-16,0,0.42151,0.408001,0.0365698,e
122,6,39,1.71626,-0.485486,1.11899,0.382683,0.92388,0,-0,0,1,1.02646,0.688218,0.0918723,e
123,6,11,0.246428,-0.901119,2.18852,0.707107,0.707107,0,-0.707107,0.707107,0,0.390591,0.273597,0.00760615,e
