object_index,region_index,category_index,px,py,pz,a0x,a0y,a0z,a1x,a1y,a1z,r0,r1,r2,rT
53,2,0,-3.84606,-0.472761,1.07556,0,1,0,0,0,1,1.10054,1.07431,0.600033,t
54,2,27,-3.71415,-1.19677,0.600688,0,0,1,0,1,-0,0.577717,0.348753,0.216146,t
55,2,788,-3.32806,-0.6353,0.896609,0,1,0,0,0,1,0.100802,0.0835057,0.0204377,t
56,2,1,-4.01703,0.49125,1.07404,0,0,1,1,0,0,1.07025,0.405194,0.128988,t
57,2,3,-3.85786,-0.478695,0.0965491,0,1,0,1,-0,0,1.06641,0.547465,0.0965429,t
58,2,2,-3.87177,-0.465856,2.09983,2.22045e-16,1,0,-1,2.22045e-16,0,1.09477,0.564315,0.076511,t
60,2,64,-3.40167,-0.616908,0.480647,1,0,0,-0,0,1,0.0989672,0.0844612,0.072293,t
61,2,11,-3.82388,-1.21818,2.1198,1,0,0,0,1,0,0.0910631,0.0861049,0.0139294,t
