object_index,region_index,category_index,px,py,pz,a0x,a0y,a0z,a1x,a1y,a1z,r0,r1,r2,rT
428,22,0,0.320495,-7.86535,-1.68657,0,0,1,0,1,-0,1.3099,0.801795,0.122674,c
429,22,0,0.760939,-8.88257,-1.70644,0,0,1,0.382683,0.92388,-0,1.34316,0.671179,0.351703,c
431,22,39,1.00018,-8.07601,-1.7032,0,0,1,2.22045e-16,1,-0,1.3488,1.22385,0.804033,c
432,22,1,1.09633,-7.15026,-1.93783,0,0,1,-1,2.22045e-16,0,1.09767,0.708437,0.0914593,c
433,22,170,1.55254,-7.71088,-1.84891,0,0,1,0,1,-0,1.19004,0.54815,0.249784,c
435,22,3,0.84808,-8.22896,-3.01477,2.22045e-16,1,0,-1,2.22045e-16,0,1.10875,0.665427,0.0571162,c
