object_index,region_index,category_index,px,py,pz,a0x,a0y,a0z,a1x,a1y,a1z,r0,r1,r2,rT
277,13,0,0.492216,-5.19826,-1.70375,0,0,1,1,0,0,1.32922,0.278375,0.0235715,c
278,13,0,0.765182,-4.80682,-1.7124,0,0,1,2.22045e-16,1,-0,1.3372,0.407142,0.0595085,c
279,13,0,0.266903,-4.88991,-1.70317,0,0,1,0,1,-0,1.33963,0.384362,0.0870165,c
280,13,0,0.998576,-4.4654,-1.05846,0,0,1,1,0,0,0.612259,0.137631,0.073009,c
281,13,2,0.48503,-4.83821,-0.543483,0,1,0,1,-0,0,0.405465,0.306937,0.180755,c
282,13,3,0.491965,-4.81796,-3.02911,0,1,0,1,-0,0,0.37611,0.2884,0.0354396,c
