object_index,region_index,category_index,px,py,pz,a0x,a0y,a0z,a1x,a1y,a1z,r0,r1,r2,rT
496,27,43,3.20098,1.16747,4.18883,0,1,0,0,0,1,3.1253,1.18448,1.12942,p
497,27,58,3.20642,1.33539,1.9984,2.22045e-16,1,0,-0,0,1,3.11809,2.04517,1.12345,p
498,27,8,2.84264,3.74871,0.976897,0,0,1,-0.92388,0.382683,0,0.742377,0.280118,0.198601,p
499,27,210,2.24755,1.40351,1.65672,2.22045e-16,1,0,-0,0,1,2.98095,1.70317,0.212146,p
500,27,39,3.19351,1.4537,2.29253,0,1,0,0,0,1,3.13185,2.63219,1.12957,p
501,27,0,2.45245,4.04612,1.23823,0,0,1,-1,2.22045e-16,0,1.24265,0.229948,0.227105,p
502,27,1,2.75329,-1.62799,1.39294,0,0,1,-1,2.22045e-16,0,1.3984,0.529606,0.0743366,p
503,27,3,3.27608,1.45088,-0.0283426,0,1,0,1,-0,0,3.15401,1.08263,0.32138,p
504,27,8,3.40702,2.08616,0.0145999,0,1,0,1,-0,0,2.15621,0.792709,0.355928,p
