object_index,region_index,category_index,px,py,pz,a0x,a0y,a0z,a1x,a1y,a1z,r0,r1,r2,rT
197,9,0,-5.51756,-3.17635,2.89964,2.22045e-16,1,0,-0,0,1,0.394435,0.224178,0.061166,s
198,9,39,-5.69811,-3.31287,2.81446,0,0,1,-0.382683,0.92388,0,0.0261379,0.0251865,0.0191427,s
199,9,0,-3.68628,-3.25991,1.61919,0,0,1,0,1,-0,1.4807,0.374395,0.0790234,s
