object_index,region_index,category_index,px,py,pz,a0x,a0y,a0z,a1x,a1y,a1z,r0,r1,r2,rT
446,24,0,-1.40073,-3.18366,-2.58033,0,0,1,2.22045e-16,1,-0,0.352586,0.29917,0.243352,s
447,24,31,-0.420841,-3.16405,-2.68697,1,0,0,0,1,0,1.209,0.315431,0.259028,s
448,24,0,0.778763,-3.24072,-2.58533,0,0,1,2.22045e-16,1,-0,0.31316,0.240907,0.0260746,s
449,24,39,-1.61109,-2.9482,-2.45868,2.22045e-16,1,0,-0,0,1,0.0489936,0.0385501,0.0143647,s
