object_index,region_index,category_index,px,py,pz,a0x,a0y,a0z,a1x,a1y,a1z,r0,r1,r2,rT
505,28,0,0.794392,-1.68528,-1.09246,0,0,1,2.22045e-16,1,-0,1.30123,1.11001,0.0627066,s
506,28,0,1.80245,-1.79021,-1.00034,0,0,1,2.22045e-16,1,-0,1.32326,1.21409,0.0317163,s
507,28,0,0.899288,-1.75583,-1.04607,0,0,1,0,1,-0,1.32962,1.18995,0.11015,s
508,28,67,1.36014,-1.79706,-1.20595,0,1,0,0,0,1,1.25009,1.17013,0.457915,s
509,28,30,0.958418,-1.6461,-0.505104,0,1,0,0,0,1,0.888716,0.767383,0.0510933,s
510,28,39,1.79519,-2.18682,-0.728729,0,0,1,2.22045e-16,1,-0,0.855479,0.829258,0.0246536,s
