object_index,region_index,category_index,px,py,pz,a0x,a0y,a0z,a1x,a1y,a1z,r0,r1,r2,rT
626,20,2,16.7277,-0.225771,6.27249,1,0,0,0,1,0,4.89584,2.17214,0.168201,z
632,20,0,18.6209,0.105929,4.76653,-0.382683,-0.92388,0,0,0,1,1.85076,1.39524,0.435506,z
634,20,39,16.212,-0.210639,4.79414,1,0,0,0,1,0,5.41894,2.17449,1.64441,z
660,20,0,16.6376,0.906833,5.25992,0,1,0,1,-0,0,2.29782,2.18257,2.05079,z
663,20,5,15.0771,2.68888,4.57736,0,0,1,-0.707107,-0.707107,0,1.1885,0.583281,0.151419,z
664,20,43,15.7615,0.90506,7.71168,0.382683,0.92388,0,-0.92388,0.382683,0,1.19403,0.930092,0.257749,z
666,20,17,16.7345,3.1534,5.32542,1,0,0,-0,0,1,0.391525,0.122802,0.0345862,z
