object_index,region_index,category_index,px,py,pz,a0x,a0y,a0z,a1x,a1y,a1z,r0,r1,r2,rT
720,22,0,7.53986,-6.93562,4.73604,1,0,0,-0,0,1,3.55843,1.45522,1.39192,y
721,22,2,7.67025,-6.84026,5.99683,-1,2.22045e-16,0,2.22045e-16,1,0,3.38089,1.15041,0.199966,y
723,22,8,5.83893,-8.09241,4.5782,-1,2.22045e-16,0,0,0,1,1.51364,1.21888,0.11999,y
724,22,8,9.21021,-8.09941,4.56115,-1,2.22045e-16,0,0,0,1,1.47728,1.19456,0.141163,y
725,22,5,11.0761,-6.85902,4.81584,0,0,1,2.22045e-16,1,-0,0.775508,0.419389,0.0482383,y
726,22,38,5.78115,-5.64993,4.44692,0,0,1,-1,2.22045e-16,0,1.08811,0.791232,0.0943472,y
728,22,11,9.21772,-6.8207,5.61879,-0.707107,-0.707107,0,0,0,1,0.170064,0.168796,0.160241,y
729,22,11,5.83802,-6.8374,5.75349,0.707107,0.707107,0,-0.707107,0.707107,0,0.169209,0.159448,0.0393248,y
