object_index,region_index,category_index,px,py,pz,a0x,a0y,a0z,a1x,a1y,a1z,r0,r1,r2,rT
634,22,0,11.7866,-10.3847,-2.34834,0,0,1,0,1,-0,1.25961,0.884418,0.437434,z
635,22,1,12.1994,-10.3872,-2.35036,0,0,1,0,1,-0,1.25668,0.881911,0.0556703,z
636,22,2,11.7864,-10.3836,-1.09595,0,1,0,1,-0,0,0.874836,0.438793,0.0219597,z
637,22,3,11.7795,-10.3754,-3.59471,2.22045e-16,1,0,-1,2.22045e-16,0,0.865705,0.43158,0.0274588,z
