object_index,region_index,category_index,px,py,pz,a0x,a0y,a0z,a1x,a1y,a1z,r0,r1,r2,rT
556,28,71,-0.730462,-18.3805,-0.315104,-1,2.22045e-16,0,0,0,1,0.908256,0.0982169,0.0668583,s
776,28,39,1.82257,-18.4019,-1.42575,1,0,0,-0,0,1,1.13558,0.689391,0.0652962,s
778,28,31,1.38935,-16.9726,-1.79182,1,0,0,0,1,0,1.49114,1.46741,1.0962,s
779,28,0,1.44971,-16.9466,-1.78266,-1,2.22045e-16,0,0,0,1,1.46722,1.0916,0.124675,s
780,28,0,0.679534,-18.4182,-1.78601,1,0,0,-0,0,1,2.27626,1.09618,0.0507307,s
781,28,105,1.7969,-18.3872,-1.38168,1,0,0,-0,0,1,1.0892,0.657707,0.052494,s
