object_index,region_index,category_index,px,py,pz,a0x,a0y,a0z,a1x,a1y,a1z,r0,r1,r2,rT
236,13,67,1.54657,-8.90042,0.793853,0,1,0,0,0,1,2.7878,1.98042,0.734038,s
237,13,0,1.12391,-9.03616,1.0538,0,1,0,0,0,1,2.91379,2.26461,0.323345,s
238,13,0,1.54559,-11.9295,2.63434,1,0,0,-0,0,1,0.629049,0.501697,0.0464888,s
239,13,8,1.05843,-9.18107,1.21958,2.22045e-16,1,0,-0,0,1,2.78861,1.91873,0.216064,s
240,13,39,1.51734,-9.05866,1.12313,0,1,0,0,0,1,2.94105,2.15513,0.657292,s
241,13,227,1.366,-7.98692,-0.765647,0,1,0,1,-0,0,0.774631,0.496309,0.444256,s
242,13,3,1.47106,-9.04741,-1.14554,0,1,0,1,-0,0,2.63858,0.611022,0.070043,s
457,13,31,1.46856,-10.223,-0.226973,0,1,0,0,0,1,1.70317,0.979325,0.633753,s
