object_index,region_index,category_index,px,py,pz,a0x,a0y,a0z,a1x,a1y,a1z,r0,r1,r2,rT
446,26,0,3.65186,-1.48074,0.433057,-0.92388,-0.382683,0,0,0,1,3.14685,1.71124,1.53768,h
447,26,3,3.63598,-1.43109,-1.24003,0.92388,0.382683,0,-0.382683,0.92388,0,3.06521,1.57983,0.0456108,h
448,26,4,2.3895,-1.04423,0.324384,0,0,1,1,0,0,0.655917,0.48974,0.0271621,h
449,26,2,1.93359,-1.9675,1.83511,1,0,0,0,1,0,1.08995,0.939249,0.0382869,h
450,26,7,1.31889,-0.951704,-0.0698246,0,0,1,1,0,0,1.20754,0.42279,0.0940855,h
451,26,7,3.1378,-1.59102,-0.0618389,0,0,1,0,1,-0,1.21187,0.471897,0.108745,h
452,26,7,5.53603,0.852888,0.0275797,0,0,1,1,0,0,1.31212,0.514389,0.12338,h
453,26,1,3.61101,-1.11178,-0.0063988,0,0,1,1,0,0,1.26471,0.420751,0.088281,h
456,26,39,1.36354,-2.68839,-1.25785,1,0,0,-0,0,1,0.516778,0.00809735,0.0060569,h
