object_index,region_index,category_index,px,py,pz,a0x,a0y,a0z,a1x,a1y,a1z,r0,r1,r2,rT
287,17,2,6.07789,-14.5401,1.7405,1,0,0,0,1,0,1.07642,0.824777,0.0393296,u
288,17,0,6.06135,-15.2309,0.29457,0,0,1,1,0,0,1.47377,1.09457,0.134393,u
289,17,0,7.52845,-14.6511,0.453114,0,0,1,1,0,0,1.64267,0.523743,0.501667,u
290,17,3,6.63523,-14.6744,-1.1655,1,0,0,0,1,0,1.40582,0.67278,0.0358026,u
291,17,170,6.06737,-14.531,0.103027,0,0,1,1,0,0,1.28564,1.10854,0.820179,u
292,17,0,5.07013,-14.5742,1.53814,2.22045e-16,1,0,-0,0,1,0.793938,0.232931,0.0813243,u
293,17,39,6.16027,-14.5653,0.293817,0,0,1,1,0,0,1.47772,1.20007,0.804733,u
