object_index,region_index,category_index,px,py,pz,a0x,a0y,a0z,a1x,a1y,a1z,r0,r1,r2,rT
77,4,511,6.24933,2.03679,4.79412,0,0,1,0,1,-0,1.57714,1.24266,0.495321,c
78,4,8,6.39251,1.57992,5.02071,0,0,1,2.22045e-16,1,-0,1.11854,0.799121,0.176096,c
79,4,784,5.655,2.27701,4.46681,-0.382683,-0.92388,0,0,0,1,1.27881,1.27151,0.761196,c
80,4,2,5.8904,1.9877,6.00928,2.22045e-16,1,0,-1,2.22045e-16,0,1.1919,0.824589,0.362531,c
81,4,95,5.36157,1.55889,3.62229,0,1,0,0,0,1,0.473545,0.458633,0.0734994,c
82,4,1,6.60399,1.56069,4.38174,0,0,1,2.22045e-16,1,-0,1.22563,0.788082,0.121706,c
83,4,38,6.13785,0.923755,4.38844,0,0,1,-1,2.22045e-16,0,1.21823,0.425414,0.151112,c
84,4,39,5.88638,1.99569,4.40339,0,0,1,0,1,-0,1.29582,1.22103,0.840928,c
85,4,3,6.05914,1.90951,3.20154,2.22045e-16,1,0,-1,2.22045e-16,0,1.12761,0.668524,0.0599307,c
