object_index,region_index,category_index,px,py,pz,a0x,a0y,a0z,a1x,a1y,a1z,r0,r1,r2,rT
111,6,0,10.8038,-2.7321,6.55279,0,1,0,1,-0,0,1.52581,1.11453,0.205191,y
112,6,0,10.7723,-4.16349,4.65925,0,0,1,-1,2.22045e-16,0,1.74009,1.11681,0.11005,y
113,6,3,10.6826,-2.44782,3.07071,2.22045e-16,1,0,-1,2.22045e-16,0,1.73478,0.988139,0.170403,y
114,6,33,10.9152,-1.62392,3.39579,0,0,1,1,0,0,0.397363,0.386476,0.377648,y
115,6,80,10.9202,-2.6516,3.18298,0,1,0,1,-0,0,0.326262,0.308258,0.245058,y
116,6,39,10.9735,-2.50502,4.8155,0,0,1,0,1,-0,1.88758,1.76151,0.945578,y
117,6,33,10.8224,-3.75814,3.30451,0,1,0,1,-0,0,0.38794,0.387934,0.367623,y
118,6,0,11.5899,-2.70876,4.70832,0,0,1,2.22045e-16,1,-0,1.76524,1.37276,0.0553594,y
119,6,0,10.0061,-0.994308,4.78983,0,0,1,2.22045e-16,1,-0,1.72741,0.242118,0.216461,y
