object_index,region_index,category_index,px,py,pz,a0x,a0y,a0z,a1x,a1y,a1z,r0,r1,r2,rT
210,10,0,12.1924,4.39517,1.46199,-1,2.22045e-16,0,0,0,1,2.33107,1.76948,0.170713,s
211,10,30,11.5226,4.41967,2.14645,-1,2.22045e-16,0,0,0,1,1.56752,1.07324,0.0660088,s
212,10,31,12.1858,3.81801,1.44334,1,0,0,-0,0,1,2.2626,1.71523,0.670332,s
213,10,39,12.1769,3.85905,1.36505,1,0,0,-0,0,1,2.35315,1.65134,0.764904,s
216,10,1612,13.5942,4.35967,0.41756,1,0,0,-0,0,1,0.782944,0.536588,0.123325,s
221,10,0,10.4813,3.36542,1.35764,1,0,0,0,1,0,5.72857,1.38788,1.3504,s
222,10,39,10.4613,3.37054,1.33044,1,0,0,0,1,0,5.67285,1.38277,1.35233,s
