object_index,region_index,category_index,px,py,pz,a0x,a0y,a0z,a1x,a1y,a1z,r0,r1,r2,rT
116,5,0,11.8605,3.66361,-1.74414,1,0,0,-0,0,1,2.59523,1.78821,0.751976,s
117,5,2,11.8461,3.65268,-0.56933,1,0,0,0,1,0,2.60552,0.752269,0.142569,s
118,5,31,11.823,3.65739,-1.74383,1,0,0,-0,0,1,2.57676,1.78607,0.756836,s
119,5,30,10.8303,4.1455,-1.47599,1,0,0,-0,0,1,1.56442,1.06025,0.0629573,s
120,5,3,11.8771,3.56444,-3.41047,1,0,0,0,1,0,2.51768,0.641969,0.147187,s
121,5,39,11.8424,3.81431,-1.75766,-1,2.22045e-16,0,0,0,1,2.59766,1.80352,0.582478,s
218,5,30,12.3071,3.26316,0.098585,1,0,0,-0,0,1,2.07368,0.16537,0.116017,s
228,5,3,10.4939,3.33232,0.131639,1,0,0,0,1,0,5.86736,1.39052,0.153352,s
391,5,31,9.37048,3.60972,-3.42228,2.22045e-16,1,0,-0,0,1,0.465362,0.0774592,0.059319,s
