object_index,region_index,category_index,px,py,pz,a0x,a0y,a0z,a1x,a1y,a1z,r0,r1,r2,rT
353,19,31,-10.141,2.23986,0.220708,0.92388,0.382683,0,-0.382683,0.92388,0,0.655051,0.2409,0.228568,s
658,19,0,-9.93651,4.19762,1.63562,-0.382683,-0.92388,0,0,0,1,2.30782,1.47482,0.963191,s
