object_index,region_index,category_index,px,py,pz,a0x,a0y,a0z,a1x,a1y,a1z,r0,r1,r2,rT
581,27,74,-4.33608,-7.4135,4.33029,0,0,1,1,0,0,1.23499,1.13124,0.731381,c
582,27,2,-4.62065,-7.45927,5.88027,0,1,0,1,-0,0,0.844725,0.840806,0.223029,c
583,27,39,-4.21324,-7.54055,4.45581,0,0,1,-1,2.22045e-16,0,1.37712,1.25126,0.930413,c
584,27,0,-4.50437,-8.17012,4.45177,0,0,1,-0.382683,0.92388,0,1.36549,0.14598,0.0996902,c
585,27,74,-3.29294,-8.27314,4.16593,0,0,1,1,0,0,1.06732,0.330956,0.177242,c
586,27,7,-3.12617,-7.3185,4.16353,0,0,1,-0.92388,0.382683,0,1.06852,0.155296,0.057443,c
587,27,3,-3.92418,-7.74006,3.11446,1,0,0,0,1,0,0.938137,0.522988,0.0404406,c
588,27,99,-5.00743,-7.60223,5.93966,0,1,0,1,-0,0,0.470577,0.444596,0.159277,c
