object_index,region_index,category_index,px,py,pz,a0x,a0y,a0z,a1x,a1y,a1z,r0,r1,r2,rT
304,16,30,-9.88267,-8.15164,1.96575,2.22045e-16,1,0,-0,0,1,1.50231,1.38855,0.110549,s
305,16,31,-10.3654,-8.13741,1.68192,0,1,0,0,0,1,1.59561,1.46678,0.600951,s
306,16,0,-9.74857,-8.66949,3.01254,0,1,0,0,0,1,2.1263,0.347307,0.106977,s
307,16,0,-10.3054,-10.7445,1.83388,0,0,1,1,0,0,1.52237,0.662848,0.0527411,s
309,16,0,-10.9226,-8.64989,1.55155,0,1,0,0,0,1,2.11027,1.73708,0.0482583,s
310,16,39,-10.3014,-8.63977,1.58191,0,1,0,0,0,1,2.14885,1.76762,0.656616,s
312,16,0,-9.79309,-8.0439,1.35827,0,1,0,0,0,1,1.50285,1.36077,0.0580115,s
