object_index,region_index,category_index,px,py,pz,a0x,a0y,a0z,a1x,a1y,a1z,r0,r1,r2,rT
169,10,7,-18.4745,0.00422192,-1.63518,0,0,1,1,0,0,1.05007,0.490008,0.141101,s
170,10,0,-17.8823,1.57799,-1.59131,2.22045e-16,1,0,-0,0,1,1.29494,1.16597,0.044054,s
171,10,31,-18.4658,1.44631,-1.94559,0,1,0,0,0,1,1.3882,0.886672,0.6243,s
172,10,0,-19.0609,1.50272,-1.591,0,1,0,0,0,1,1.37021,1.15991,0.0497808,s
