object_index,region_index,category_index,px,py,pz,a0x,a0y,a0z,a1x,a1y,a1z,r0,r1,r2,rT
165,5,0,-5.59527,3.85527,1.24215,-1,2.22045e-16,0,0,0,1,1.87352,1.24904,0.050998,h
166,5,2,-1.36411,2.84979,2.2896,1,0,0,0,1,0,5.72234,0.615768,0.0787938,h
167,5,0,0.485945,3.87328,1.2472,1,0,0,-0,0,1,3.31153,1.2612,0.0590824,h
168,5,39,-0.650409,3.01862,1.25402,1,0,0,-0,0,1,4.75375,1.27059,0.888896,h
169,5,18,-0.245254,2.96922,2.16978,1,0,0,-0,0,1,0.162782,0.0936966,0.046988,h
170,5,92,0.248596,3.74835,1.01919,1,0,0,0,1,0,3.15481,0.180155,0.14656,h
171,5,0,-3.25258,3.76527,1.26691,0,0,1,1,0,0,1.24977,0.499307,0.123656,h
172,5,3,-1.5043,3.02737,0.0094945,-1,2.22045e-16,0,2.22045e-16,1,0,5.91351,0.869824,0.0351111,h
