object_index,region_index,category_index,px,py,pz,a0x,a0y,a0z,a1x,a1y,a1z,r0,r1,r2,rT
206,7,74,13.1794,-7.40377,5.23828,0,1,0,1,-0,0,1.60679,1.45607,0.974509,c
207,7,3,13.552,-7.4082,3.50768,1,0,0,0,1,0,1.26412,1.05922,0.0575916,c
208,7,2,13.3968,-7.40355,6.19311,1,0,0,0,1,0,1.22611,1.17854,0.0233936,c
209,7,12,13.1851,-7.4051,3.93477,2.22045e-16,1,0,-1,2.22045e-16,0,1.59839,1.45885,0.475431,c
210,7,7,14.7294,-7.40847,4.72527,0,0,1,0,1,-0,1.24938,0.806667,0.1168,c
211,7,0,14.6197,-7.40591,4.83855,0,0,1,0,1,-0,1.36625,1.18355,0.0287161,c
212,7,39,13.8645,-8.7568,4.15627,-0.92388,0.382683,0,0,0,1,0.750886,0.683542,0.231588,c
424,7,2,13.1922,-5.95103,2.9509,0,1,0,1,-0,0,3.17086,2.29473,0.164062,c
