object_index,region_index,category_index,px,py,pz,a0x,a0y,a0z,a1x,a1y,a1z,r0,r1,r2,rT
128,3,0,8.23651,-3.25541,5.19186,0,0,1,-1,2.22045e-16,0,0.959745,0.920005,0.288057,c
129,3,74,8.61142,-2.45077,4.76921,0,0,1,0,1,-0,1.29292,0.804699,0.226947,c
130,3,2,8.05714,-2.25877,6.00579,2.22045e-16,1,0,-1,2.22045e-16,0,0.843785,0.753495,0.0766644,c
131,3,7,7.26833,-2.20721,4.7726,0,0,1,0,1,-0,1.3009,0.440585,0.127925,c
132,3,74,8.30044,-1.40435,4.76983,0,0,1,1,0,0,1.30358,0.539561,0.282163,c
133,3,1,7.68533,-2.71283,4.78152,0,0,1,-0.92388,0.382683,0,1.27067,0.39993,0.0588115,c
134,3,39,8.0389,-2.2824,4.79149,0,0,1,0,1,-0,1.36806,1.28438,1.01856,c
135,3,3,7.99045,-2.25511,3.49717,1,0,0,0,1,0,0.844586,0.795155,0.051789,c
246,3,0,8.76854,-3.50186,5.00576,1,0,0,-0,0,1,5.13076,1.53335,0.195853,c
