object_index,region_index,category_index,px,py,pz,a0x,a0y,a0z,a1x,a1y,a1z,r0,r1,r2,rT
287,11,0,4.58197,-2.7713,1.39028,-1,2.22045e-16,0,0,0,1,1.76868,1.43562,0.0415143,h
289,11,39,4.5236,-4.01791,1.48933,1,0,0,-0,0,1,1.73787,1.5313,1.32883,h
291,11,3,4.50124,-4.00741,-0.0119342,-1,2.22045e-16,0,2.22045e-16,1,0,1.82577,1.33836,0.0743933,h
292,11,8,4.65073,-2.8381,1.60573,0,0,1,1,0,0,0.700589,0.38963,0.139481,h
293,11,42,6.03593,-2.78333,1.49998,0,0,1,-1,2.22045e-16,0,0.652993,0.299403,0.0253544,h
294,11,357,3.15702,-2.77407,1.45122,-1,2.22045e-16,0,0,0,1,0.0758507,0.0507243,0.013344,h
295,11,98,3.14109,-2.75662,1.12637,1,0,0,-0,0,1,0.124895,0.0727385,0.00393713,h
