object_index,region_index,category_index,px,py,pz,a0x,a0y,a0z,a1x,a1y,a1z,r0,r1,r2,rT
143,5,0,8.91208,3.62145,1.56184,0,0,1,2.22045e-16,1,-0,1.3147,1.25922,0.0445018,h
144,5,7,9.35354,4.90487,1.28956,0,0,1,1,0,0,1.04226,0.446101,0.155599,h
145,5,2,9.33136,3.58697,2.88548,2.22045e-16,1,0,-1,2.22045e-16,0,1.3004,0.4579,0.111128,h
146,5,7,9.82606,3.42156,1.35768,0,0,1,0,1,-0,1.09284,0.655733,0.0798965,h
147,5,7,8.88125,3.37248,1.35265,0,0,1,2.22045e-16,1,-0,1.08193,0.780862,0.0685334,h
148,5,0,9.76312,3.58804,1.57281,0,0,1,2.22045e-16,1,-0,1.31188,1.29384,0.0431805,h
149,5,39,9.33708,3.69365,1.58054,2.22045e-16,1,0,-0,0,1,1.3813,1.35017,0.488907,h
150,5,3,9.33917,3.66877,0.322106,0,1,0,1,-0,0,1.37247,0.540801,0.107003,h
151,5,0,9.35244,4.87429,2.55528,1,0,0,-0,0,1,0.429146,0.287679,0.0139565,h
