object_index,region_index,category_index,px,py,pz,a0x,a0y,a0z,a1x,a1y,a1z,r0,r1,r2,rT
578,18,2,7.6992,-2.15464,6.08358,0,1,0,1,-0,0,2.7164,1.82642,0.276432,y
582,18,39,7.75305,-2.26242,4.77731,2.22045e-16,1,0,-1,2.22045e-16,0,2.79369,1.8922,1.50324,y
588,18,7,5.9131,-1.083,4.50498,0,0,1,0,1,-0,1.08431,0.683981,0.0963678,y
591,18,0,8.87691,0.0380767,3.85612,0,0,1,0,1,-0,0.43999,0.363078,0.0327344,y
592,18,11,6.09238,-2.03629,5.5435,0,0,1,0,1,-0,0.202258,0.122204,0.12076,y
