object_index,region_index,category_index,px,py,pz,a0x,a0y,a0z,a1x,a1y,a1z,r0,r1,r2,rT
103,2,0,2.11796,-3.13888,-1.91215,0,0,1,0.92388,0.382683,-0,1.35666,1.25591,0.588501,a
104,2,2,2.1738,-3.86826,-0.599607,2.22045e-16,1,0,-1,2.22045e-16,0,0.842938,0.807492,0.0510456,a
105,2,0,2.17563,-4.4729,-1.62594,0,0,1,1,0,0,1.05775,0.830904,0.258057,a
106,2,0,2.97851,-3.62503,-1.63397,0,0,1,2.22045e-16,1,-0,1.05062,0.17215,0.0341232,a
107,2,39,2.25655,-3.71028,-1.84932,0,0,1,1,0,0,1.30804,1.03214,0.997845,a
108,2,60,2.18149,-3.75157,-1.92087,0,0,1,2.22045e-16,1,-0,1.34995,0.948107,0.815977,a
570,2,3,1.3541,-3.66118,0.092233,-1,2.22045e-16,0,2.22045e-16,1,0,5.59766,1.22604,0.137705,a
