object_index,region_index,category_index,px,py,pz,a0x,a0y,a0z,a1x,a1y,a1z,r0,r1,r2,rT
28,2,77,0.995305,9.97044,1.14875,1,0,0,0,1,0,0.360559,0.16903,0.108485,s
31,2,105,0.698562,9.43339,1.03862,0,0,1,0,1,-0,0.935501,0.56084,0.135572,s
32,2,0,0.532483,9.5089,0.661434,0,0,1,0,1,-0,0.64989,0.559824,0.0750264,s
34,2,0,1.30856,8.87199,1.4777,0,0,1,-0.382683,0.92388,0,1.26112,0.330329,0.0678513,s
36,2,182,0.891005,9.27845,0.563518,0,1,0,0,0,1,0.632969,0.551974,0.468683,s
39,2,0,1.38902,8.65583,1.63941,0,0,1,-0.382683,0.92388,0,0.226272,0.0713039,0.0371272,s
40,2,39,0.908479,9.38268,1.02886,-0.707107,0.707107,0,0,0,1,0.926163,0.836823,0.198302,s
41,2,3,0.798496,8.97794,0.0119317,-1,2.22045e-16,0,2.22045e-16,1,0,0.523529,0.521734,0.0417003,s
