object_index,region_index,category_index,px,py,pz,a0x,a0y,a0z,a1x,a1y,a1z,r0,r1,r2,rT
1459,40,8,-4.71978,-10.4354,3.91613,1,0,0,-0,0,1,1.40424,1.03012,0.0912199,y
1460,40,39,-6.4201,-9.47007,4.13069,-1,2.22045e-16,0,0,0,1,3.48734,1.39377,0.859035,y
1461,40,0,-6.40416,-9.56261,4.18373,-1,2.22045e-16,0,0,0,1,3.46455,1.34347,0.97608,y
1462,40,2,-6.42606,-9.48572,5.3826,1,0,0,0,1,0,3.48053,0.899196,0.154818,y
1463,40,8,-6.95227,-9.66487,4.18395,-1,2.22045e-16,0,0,0,1,2.95337,1.32902,0.86094,y
1465,40,30,-6.27646,-10.3037,4.05113,1,0,0,-0,0,1,3.33806,1.2089,0.366619,y
1467,40,5,-5.63589,-8.87969,4.03053,1,0,0,-0,0,1,1.45428,1.20453,0.299849,y
1469,40,8,-3.43264,-9.60857,4.16251,0,0,1,0,1,-0,1.26526,0.778037,0.142228,y
1470,40,18,-7.78594,-8.9189,4.97687,0,0,1,0,1,-0,0.102743,0.0697889,0.0490127,y
