object_index,region_index,category_index,px,py,pz,a0x,a0y,a0z,a1x,a1y,a1z,r0,r1,r2,rT
580,29,30,2.05488,-12.9641,0.491541,0.382683,0.92388,0,-0.92388,0.382683,0,2.39393,0.667454,0.634335,s
620,29,105,2.2791,-12.0212,-0.149065,0,1,0,0,0,1,1.49705,1.21117,0.243424,s
621,29,2,1.60104,-12.006,4.33842,0,1,0,1,-0,0,1.461,0.800519,0.0559466,s
622,29,77,1.66931,-11.7832,-0.550458,0,1,0,1,-0,0,1.48677,0.878464,0.810965,s
624,29,0,2.24824,-12.5754,-0.172546,0,1,0,0,0,1,0.990518,0.41565,0.127739,s
625,29,2,1.78954,-11.2513,-0.679365,2.22045e-16,1,0,-1,2.22045e-16,0,0.956864,0.757613,0.697034,s
630,29,105,1.10537,-13.1665,-0.953903,-1,2.22045e-16,0,0,0,1,0.722083,0.451709,0.0937901,s
671,29,0,2.19112,-12.8776,-1.64598,0,1,0,0,0,1,0.214399,0.210394,0.0720614,s
