object_index,region_index,category_index,px,py,pz,a0x,a0y,a0z,a1x,a1y,a1z,r0,r1,r2,rT
252,12,0,5.32038,-4.10495,1.81273,1,0,0,-0,0,1,1.64548,1.61953,0.729573,h
253,12,220,4.71029,-4.10918,1.80564,0,0,1,2.22045e-16,1,-0,1.61392,0.71594,0.292645,h
254,12,1,5.66903,-3.34248,1.35551,0,0,1,1,0,0,1.16179,0.74316,0.17479,h
255,12,220,7.09801,-4.10995,1.79823,0,0,1,2.22045e-16,1,-0,1.59786,0.722436,0.220001,h
256,12,0,3.85203,-4.07398,1.89968,0,0,1,0,1,-0,1.69135,0.712167,0.179394,h
258,12,662,6.65592,-3.44002,0.72322,0,0,1,1,0,0,0.529214,0.299727,0.0695604,h
259,12,39,5.37852,-4.01117,1.559,1,0,0,-0,0,1,1.58581,1.36435,0.623011,h
260,12,3,5.47134,-3.99367,0.223547,1,0,0,0,1,0,1.8059,0.779186,0.0443282,h
