object_index,region_index,category_index,px,py,pz,a0x,a0y,a0z,a1x,a1y,a1z,r0,r1,r2,rT
57,25,0,-4.68094,-13.6588,2.13799,0,0,1,0,1,-0,2.02263,1.57063,0.0971227,h
570,25,2,-3.41336,-12.7874,4.30405,0,1,0,1,-0,0,2.22101,1.26741,0.101292,h
572,25,8,-3.72614,-14.5193,1.63937,0,0,1,-0.92388,0.382683,0,1.39829,0.38521,0.3764,h
573,25,0,-3.43634,-15.0864,2.75947,0,0,1,1,0,0,1.59807,1.29493,0.123104,h
574,25,17,-3.1794,-15.2572,1.87793,0,0,1,1,0,0,1.77225,1.08215,0.278934,h
575,25,0,-4.63767,-12.8354,2.75066,0,1,0,0,0,1,2.3592,1.62228,0.125285,h
576,25,5,-3.19205,-15.4856,1.68187,0,0,1,-1,2.22045e-16,0,1.5468,0.586424,0.0726366,h
577,25,106,-4.32463,-15.0857,0.652577,0,0,1,1,0,0,0.53784,0.380992,0.0800991,h
