object_index,region_index,category_index,px,py,pz,a0x,a0y,a0z,a1x,a1y,a1z,r0,r1,r2,rT
569,28,71,-2.80486,-12.8655,0.506943,0,1,0,1,-0,0,2.28628,0.709932,0.521765,s
614,28,31,-2.38379,-11.7844,-0.54032,0,1,0,1,-0,0,1.47237,0.764331,0.752242,s
615,28,31,-2.35493,-11.0595,-0.7167,0,1,0,1,-0,0,0.941925,0.766657,0.586011,s
617,28,71,-1.76986,-11.8776,-0.152353,0,1,0,0,0,1,1.3479,1.13138,0.151318,s
618,28,2,-2.37531,-11.921,4.34973,0,1,0,1,-0,0,1.38249,0.999692,0.0540483,s
619,28,31,-1.70748,-11.3921,-0.44328,2.22045e-16,1,0,-0,0,1,1.28003,0.861168,0.119237,s
628,28,105,-2.34455,-13.1803,-0.940773,1,0,0,-0,0,1,1.00409,0.474732,0.112531,s
