object_index,region_index,category_index,px,py,pz,a0x,a0y,a0z,a1x,a1y,a1z,r0,r1,r2,rT
626,30,105,-2.97459,-13.9287,0.545958,-0.382683,0.92388,0,0,0,1,1.13789,0.463446,0.418893,h
627,30,2,-0.647786,-13.8441,4.32187,1,0,0,0,1,0,2.84321,0.986394,0.0617769,h
629,30,106,-2.8966,-13.9039,-0.628775,-0.382683,0.92388,0,0,0,1,1.1371,0.775584,0.325857,h
631,30,3,-0.671563,-13.8312,-1.39329,1,0,0,0,1,0,2.64443,0.763399,0.0278215,h
644,30,106,-0.553332,-13.674,-0.762698,1,0,0,0,1,0,2.93811,1.39415,0.636268,h
669,30,3,-0.463256,-14.0824,-1.38107,1,0,0,0,1,0,2.79441,0.936882,0.0390341,h
