object_index,region_index,category_index,px,py,pz,a0x,a0y,a0z,a1x,a1y,a1z,r0,r1,r2,rT
24,11,-1,12.1616,0.0502222,1.35234,-1,2.22045e-16,0,2.22045e-16,1,0,8.74085,7.22576,3.75119,s
184,11,0,11.7768,2.34034,1.51907,0,0,1,1,0,0,1.12839,0.46026,0.071274,s
216,11,249,11.3259,1.91232,0.612848,0,0,1,0,1,-0,0.636294,0.462753,0.255974,s
235,11,0,11.9625,0.983551,1.82989,0,1,0,0,0,1,1.44634,1.0784,0.514951,s
236,11,31,11.9142,0.953766,1.59858,0,1,0,0,0,1,1.42217,1.2189,0.544961,s
238,11,39,11.9262,0.974081,1.63932,0,1,0,0,0,1,1.42943,1.17816,0.523508,s
239,11,2,11.4813,1.73438,2.56556,0.707107,0.707107,0,-0.707107,0.707107,0,0.175707,0.0738581,0.0635114,s
