object_index,region_index,category_index,px,py,pz,a0x,a0y,a0z,a1x,a1y,a1z,r0,r1,r2,rT
49,3,2,18.3848,-3.17425,2.59794,0,1,0,1,-0,0,2.7608,2.32714,0.150743,l
50,3,5,20.7549,-3.73401,1.06896,2.22045e-16,1,0,-0,0,1,1.51654,1.0651,0.250898,l
51,3,0,18.7707,-5.81913,0.444193,1,0,0,-0,0,1,1.96408,0.583658,0.131541,l
52,3,0,18.4095,-3.20623,1.23119,0,1,0,1,-0,0,2.84467,2.38739,1.32252,l
57,3,7,15.9172,-2.17975,1.15581,0,0,1,0,1,-0,1.15358,1.07884,0.151928,l
58,3,18,17.4751,-4.81081,0.855012,0,0,1,-0.92388,0.382683,0,0.332814,0.286667,0.227758,l
65,3,191,16.0577,-4.42851,1.53471,0,1,0,0,0,1,0.758035,0.465667,0.0331459,l
70,3,39,18.515,-3.04417,1.19972,0,1,0,1,-0,0,2.90775,2.49084,1.34586,l
72,3,1182,20.5986,-1.59247,2.24726,0,1,0,0,0,1,0.612425,0.213483,0.149515,l
