object_index,region_index,category_index,px,py,pz,a0x,a0y,a0z,a1x,a1y,a1z,r0,r1,r2,rT
463,23,0,11.6404,-0.833052,3.90927,2.22045e-16,1,0,-0,0,1,4.43305,1.18226,1.17399,h
464,23,2,11.6501,-0.834876,4.80101,2.22045e-16,1,0,-1,2.22045e-16,0,4.4289,1.16429,0.322954,h
476,23,0,12.4103,-0.895668,3.91903,0,0,1,1,0,0,1.18723,0.929366,0.587095,h
477,23,7,13.1827,-1.00884,3.78701,0,0,1,0,1,-0,1.04784,0.466999,0.22996,h
478,23,2,12.3366,-0.847085,5.12118,1,0,0,0,1,0,0.854097,0.538512,0.0357304,h
479,23,7,12.0254,-1.48507,3.794,0,0,1,1,0,0,1.05641,0.502128,0.0748805,h
482,23,11,11.7057,-1.04592,5.0741,-0.382683,-0.92388,0,-0.92388,0.382683,0,0.0655848,0.0613513,0.0225139,h
483,23,39,13.073,-0.548115,4.21756,0,0,1,-0.92388,-0.382683,0,0.221389,0.0153949,0.00639216,h
