object_index,region_index,category_index,px,py,pz,a0x,a0y,a0z,a1x,a1y,a1z,r0,r1,r2,rT
419,19,0,14.9867,-6.99923,3.9125,0,0,1,-1,2.22045e-16,0,1.1748,0.912989,0.0563664,c
421,19,89,14.3717,-6.2822,3.73671,0,0,1,0,1,-0,1.00869,0.758673,0.331869,c
422,19,2,15.007,-6.28348,4.91309,-1,2.22045e-16,0,2.22045e-16,1,0,0.955271,0.76171,0.212403,c
423,19,89,15.6633,-6.24154,3.77712,0,0,1,0,1,-0,1.04674,0.798859,0.313876,c
424,19,39,15.1892,-6.22912,3.90777,0,0,1,1,0,0,1.15549,1.13644,0.814889,c
427,19,0,15.0458,-5.53927,4.77889,-1,2.22045e-16,0,0,0,1,0.876331,0.277391,0.0176623,c
428,19,0,15.7298,-5.57977,4.86463,-1,2.22045e-16,0,0,0,1,0.216378,0.205868,0.044132,c
