object_index,region_index,category_index,px,py,pz,a0x,a0y,a0z,a1x,a1y,a1z,r0,r1,r2,rT
27,1,3,20.1906,-6.34629,-2.48294,0,1,0,1,-0,0,0.523088,0.505884,0.0249039,s
28,1,43,18.3598,-6.3613,2.49018,1,0,0,0,1,0,2.32631,0.52721,0.06583,s
29,1,0,18.3886,-6.4279,0.01528,0,0,1,1,0,0,2.5107,2.36185,0.637788,s
30,1,5,19.179,-7.06282,-0.813306,-1,2.22045e-16,0,0,0,1,1.29763,0.424134,0.219452,s
31,1,5,18.3089,-7.02371,1.70181,-1,2.22045e-16,0,0,0,1,1.2687,0.491613,0.174333,s
32,1,39,18.8876,-6.5391,-0.233149,0,0,1,1,0,0,2.27469,1.77596,0.731114,s
33,1,31,17.8811,-6.35124,-1.31972,-1,2.22045e-16,0,0,0,1,1.84788,1.1723,0.528173,s
