object_index,region_index,category_index,px,py,pz,a0x,a0y,a0z,a1x,a1y,a1z,r0,r1,r2,rT
346,11,1,4.73583,-0.484484,1.92001,1,0,0,-0,0,1,2.07955,1.90131,0.133392,h
347,11,112,6.71566,-0.75459,2.49023,0,0,1,-0.382683,0.92388,0,0.178312,0.168982,0.120998,h
348,11,0,4.61969,-1.27502,1.84342,-1,2.22045e-16,0,0,0,1,2.30874,1.82403,0.741601,h
349,11,3,4.60072,-1.14126,0.0360258,1,0,0,0,1,0,2.28801,0.923327,0.050974,h
