object_index,region_index,category_index,px,py,pz,a0x,a0y,a0z,a1x,a1y,a1z,r0,r1,r2,rT
338,10,105,1.56602,-10.5135,0.70099,0,0,1,1,0,0,0.678442,0.566614,0.250643,s
340,10,58,2.35571,-9.8294,2.9185,0,1,0,0,0,1,0.884851,0.461933,0.0718616,s
341,10,53,2.35218,-7.67179,1.6392,0,0,1,0,1,-0,1.62462,0.137382,0.10991,s
342,10,30,1.10591,-8.53268,0.761523,2.22045e-16,1,0,-1,2.22045e-16,0,0.903607,0.209064,0.184638,s
343,10,3,1.68781,-9.00888,0.0382467,0,1,0,1,-0,0,1.56774,0.739586,0.0607585,s
345,10,8,2.03408,-10.6383,0.916907,0,1,0,1,-0,0,0.113923,0.0306305,0.0165303,s
418,10,3,1.77981,-9.92885,0.0691494,0,1,0,1,-0,0,0.851638,0.64318,0.0691242,s
