object_index,region_index,category_index,px,py,pz,a0x,a0y,a0z,a1x,a1y,a1z,r0,r1,r2,rT
70,4,7,8.65654,8.78236,1.51656,0,0,1,2.22045e-16,1,-0,1.54532,0.54116,0.293259,t
71,4,0,7.74183,9.24799,1.52122,0,0,1,-1,2.22045e-16,0,1.53923,0.924239,0.0369892,t
72,4,2,7.88905,8.79217,3.04036,1,0,0,0,1,0,1.06308,0.489251,0.045673,t
73,4,0,6.86948,8.82578,1.5309,0,0,1,2.22045e-16,1,-0,1.52485,0.439835,0.116228,t
74,4,27,7.10526,8.79459,0.234567,1,0,0,0,1,0,0.29364,0.264868,0.227238,t
75,4,3,7.8858,8.79783,0.00944619,1,0,0,0,1,0,1.06414,0.496679,0.043311,t
