object_index,region_index,category_index,px,py,pz,a0x,a0y,a0z,a1x,a1y,a1z,r0,r1,r2,rT
382,25,2,31.0781,12.8195,-1.41364,-1,2.22045e-16,0,2.22045e-16,1,0,2.98467,0.93734,0.0503359,h
383,25,0,34.013,12.5694,-2.86286,0,0,1,2.22045e-16,1,-0,1.49003,0.879587,0.0665379,h
384,25,0,31.0832,12.6722,-2.86648,1,0,0,-0,0,1,2.99081,1.49343,0.777061,h
385,25,0,31.1041,13.5181,-2.86631,-1,2.22045e-16,0,0,0,1,2.97539,1.49412,0.123396,h
386,25,217,31.3606,11.9951,-2.81563,0,0,1,-1,2.22045e-16,0,0.899172,0.866362,0.039103,h
387,25,3,31.0717,12.8735,-4.32597,-1,2.22045e-16,0,2.22045e-16,1,0,2.97832,0.9267,0.0436316,h
389,25,7,29.7125,13.648,-2.86722,0,0,1,-1,2.22045e-16,0,1.488,0.459019,0.153713,h
390,25,11,29.8999,12.7754,-1.41163,1,0,0,0,1,0,0.051713,0.0399237,0.00590473,h
391,25,39,31.5515,11.9918,-1.38017,-1,2.22045e-16,0,0,0,1,0.326438,0.00680536,0.00673151,h
