object_index,region_index,category_index,px,py,pz,a0x,a0y,a0z,a1x,a1y,a1z,r0,r1,r2,rT
298,19,2,29.8777,-4.43224,3.01555,0,1,0,1,-0,0,1.31787,1.16723,0.139459,z
299,19,0,30.221,-5.38982,1.53423,0,0,1,0.92388,0.382683,-0,1.53172,0.877019,0.411698,z
300,19,1,30.229,-3.33762,1.36212,0,0,1,2.22045e-16,1,-0,1.38113,0.457747,0.0919552,z
301,19,3,29.9751,-4.33711,0.231952,0,1,0,1,-0,0,1.46308,1.2902,0.335066,z
302,19,0,30.6311,-3.03771,1.38059,0,0,1,1,0,0,1.36315,0.395328,0.159075,z
303,19,39,29.7143,-4.51252,1.67051,0,0,1,-0.382683,-0.92388,0,1.40641,1.00397,0.224434,z
304,19,0,28.8706,-3.20112,0.0281339,0,1,0,1,-0,0,0.29307,0.124967,0.0363005,z
