object_index,region_index,category_index,px,py,pz,a0x,a0y,a0z,a1x,a1y,a1z,r0,r1,r2,rT
21,1,2,-1.32758,-0.0391315,2.95623,1,0,0,-0,0,1,1.7242,0.923685,0.868169,e
22,1,1,0.381793,0.028561,1.0289,0,0,1,0,1,-0,1.03458,0.526319,0.156166,e
23,1,86,-2.67702,-0.608009,0.840938,0,0,1,-0.707107,0.707107,0,0.859823,0.120491,0.086467,e
24,1,7,0.349353,-0.0395695,1.10981,0,0,1,0,1,-0,1.11842,0.633119,0.0624761,e
25,1,13,0.358407,0.248928,1.13022,0,0,1,-0.382683,0.92388,0,0.867769,0.179037,0.0905629,e
26,1,39,-1.21501,-0.035854,1.93315,0,0,1,1,0,0,1.94563,1.75144,0.832295,e
27,1,131,-2.73968,-0.144387,3.48682,0,1,0,1,-0,0,0.433664,0.286864,0.0551126,e
28,1,3,-1.20557,-0.0643132,-0.00866304,1,0,0,0,1,0,1.61104,0.657629,0.0427032,e
