object_index,region_index,category_index,px,py,pz,a0x,a0y,a0z,a1x,a1y,a1z,r0,r1,r2,rT
1192,46,1,-8.51404,-9.19968,8.44827,0,0,1,-0.92388,0.382683,0,1.03028,0.824039,0.45096,h
1193,46,2,-8.42243,-10.0751,9.6211,-0.707107,0.707107,0,0.707107,0.707107,0,1.30299,0.785865,0.157001,h
1194,46,0,-8.41722,-10.1378,8.5888,-0.707107,0.707107,0,0,0,1,1.35349,1.18058,0.829407,h
1195,46,4,-8.02315,-10.842,8.86877,0,0,1,-1,2.22045e-16,0,0.539247,0.282772,0.0314441,h
1196,46,39,-9.59478,-9.60964,8.567,0,0,1,0.382683,0.92388,-0,1.13455,0.402902,0.155547,h
1197,46,3,-8.38417,-10.0682,7.53862,-0.707107,0.707107,0,0.707107,0.707107,0,1.30554,0.865041,0.144954,h
1198,46,13,-9.38482,-9.36029,8.76532,0,0,1,0.707107,0.707107,-0,0.749119,0.473425,0.107637,h
