object_index,region_index,category_index,px,py,pz,a0x,a0y,a0z,a1x,a1y,a1z,r0,r1,r2,rT
929,24,302,-9.8718,-14.1771,3.81011,-0.707107,-0.707107,0,0,0,1,4.11273,0.706078,0.253901,s
933,24,3,-6.2527,-12.5711,3.4318,0.92388,0.382683,0,-0.382683,0.92388,0,10.0954,4.28949,0.239383,s
