object_index,region_index,category_index,px,py,pz,a0x,a0y,a0z,a1x,a1y,a1z,r0,r1,r2,rT
80,3,0,-3.34759,-9.5281,-4.14749,0,0,1,0.707107,0.707107,-0,1.25285,1.10303,0.584368,s
81,3,31,-3.27919,-9.53932,-4.36229,0.382683,0.92388,0,-0,0,1,1.46256,1.38253,0.781819,s
84,3,39,-3.32879,-9.50369,-4.14314,-0.707107,-0.707107,0,0,0,1,1.30414,1.26204,0.688191,s
85,3,2,-2.74781,-8.7547,-3.24536,-0.707107,0.707107,0,0.707107,0.707107,0,0.445715,0.147874,0.0410141,s
