object_index,region_index,category_index,px,py,pz,a0x,a0y,a0z,a1x,a1y,a1z,r0,r1,r2,rT
1184,45,1,-7.50395,-8.30234,8.31353,0,0,1,-0.707107,0.707107,0,1.08848,0.291398,0.0880507,c
1185,45,1509,-8.32408,-8.19821,8.30571,0,0,1,-0.707107,-0.707107,0,1.01164,0.458156,0.065071,c
1186,45,0,-7.94896,-8.66045,8.4893,0,0,1,-0.707107,0.707107,0,1.17482,0.584141,0.515108,c
1187,45,39,-7.92953,-8.58077,8.34579,0,0,1,-0.707107,0.707107,0,1.05697,0.613781,0.582403,c
1188,45,7,-8.28598,-9.00323,8.39845,0,0,1,-0.707107,0.707107,0,1.01221,0.567107,0.114625,c
1189,45,7,-7.50306,-8.34328,8.31095,0,0,1,-0.707107,0.707107,0,1.04021,0.342547,0.102512,c
1190,45,2,-7.9046,-8.63288,9.67037,-0.707107,0.707107,0,-0.707107,-0.707107,0,0.56152,0.452653,0.0563498,c
1191,45,3,-7.99203,-8.66695,7.42303,-0.707107,0.707107,0,0.707107,0.707107,0,0.58634,0.528569,0.128519,c
