object_index,region_index,category_index,px,py,pz,a0x,a0y,a0z,a1x,a1y,a1z,r0,r1,r2,rT
1213,48,0,2.00266,-7.87208,8.11583,0,1,0,1,-0,0,3.36655,1.90246,1.46414,b
1214,48,2,2.08293,-7.83477,8.91318,0,1,0,1,-0,0,3.31865,1.81934,0.677579,b
1216,48,39,2.33488,-7.95142,8.03621,0,1,0,1,-0,0,3.42612,1.48818,1.39487,b
1217,48,8,0.849317,-10.8484,8.12331,0,0,1,0.92388,0.382683,-0,0.652459,0.266897,0.0296474,b
1221,48,1,0.65046,-11.0563,8.24293,0,0,1,1,0,0,0.996418,0.538444,0.0550866,b
1222,48,11,1.06603,-10.5312,9.5266,1,0,0,0,1,0,0.197159,0.19114,0.0528698,b
