object_index,region_index,category_index,px,py,pz,a0x,a0y,a0z,a1x,a1y,a1z,r0,r1,r2,rT
711,33,1,13.5389,-7.7732,3.52718,0,0,1,1,0,0,1.31991,0.562119,0.0955586,c
735,33,1,11.2959,-7.78231,3.49802,0,0,1,1,0,0,1.27383,0.525812,0.0831652,c
