object_index,region_index,category_index,px,py,pz,a0x,a0y,a0z,a1x,a1y,a1z,r0,r1,r2,rT
785,29,77,4.48501,-10.427,2.95293,1,0,0,0,1,0,1.28392,0.965061,0.534004,s
786,29,30,4.73489,-9.71796,3.5887,1,0,0,-0,0,1,1.19395,1.15455,0.198942,s
787,29,2,4.27805,-10.4297,6.34263,1,0,0,0,1,0,1.32504,0.963862,0.50631,s
788,29,30,4.65736,-11.189,3.57825,1,0,0,-0,0,1,1.14824,1.14295,0.219509,s
789,29,0,4.63594,-10.3551,4.64427,1,0,0,-0,0,1,1.33949,1.25817,1.06087,s
790,29,39,4.364,-10.3518,4.56356,0,0,1,1,0,0,2.13333,1.41099,1.05796,s
1206,29,56,3.32606,-10.4517,7.63004,-0.92388,0.382683,0,0,0,1,0.547941,0.420143,0.215073,s
1208,29,0,3.87365,-9.767,7.84888,0,0,1,1,0,0,0.547078,0.0296404,0.0231228,s
