object_index,region_index,category_index,px,py,pz,a0x,a0y,a0z,a1x,a1y,a1z,r0,r1,r2,rT
498,15,31,-5.88026,-13.1181,-0.66607,-0.382683,0.92388,0,-0.92388,-0.382683,0,1.8892,1.26547,0.728896,s
499,15,0,-7.24785,-12.2007,0.33885,0,0,1,-0.707107,0.707107,0,1.60301,0.611777,0.0472915,s
500,15,2,-6.19647,-12.9117,1.63825,1,0,0,0,1,0,1.42946,1.22989,0.594,s
501,15,0,-6.68978,-14.1068,0.554522,-0.382683,0.92388,0,0,0,1,1.42416,1.37742,0.416089,s
502,15,0,-5.0706,-12.7533,0.346501,0,0,1,0,1,-0,1.59487,1.08042,0.117486,s
503,15,39,-5.94727,-13.1584,0.413785,-0.382683,0.92388,0,0,0,1,1.96004,1.80136,1.35182,s
504,15,11,-5.16027,-12.6102,1.2361,0,0,1,0,1,-0,0.210395,0.203414,0.0960882,s
505,15,0,-4.95125,-13.5975,1.00143,0,0,1,-0.707107,0.707107,0,1.0357,0.228906,0.0774113,s
506,15,42,-6.83766,-13.1861,1.04884,0,0,1,2.22045e-16,1,-0,0.38168,0.318275,0.0393908,s
