object_index,region_index,category_index,px,py,pz,a0x,a0y,a0z,a1x,a1y,a1z,r0,r1,r2,rT
825,25,171,-5.11436,-8.53095,4.90537,0,0,1,0,1,-0,1.48018,0.858598,0.120439,s
845,25,4,-5.20118,-7.71,5.87242,0,0,1,1,0,0,0.412119,0.0607355,0.0198421,s
848,25,354,-5.14237,-8.81172,3.45231,2.22045e-16,1,0,-1,2.22045e-16,0,0.549883,0.0996575,0.0421132,s
1182,25,39,-5.83434,-8.52905,7.1207,1,0,0,0,1,0,0.860648,0.851615,0.172029,s
