object_index,region_index,category_index,px,py,pz,a0x,a0y,a0z,a1x,a1y,a1z,r0,r1,r2,rT
19,1,2,0.0978464,0.0161502,2.17843,1,0,0,0,1,0,0.895957,0.723648,0.0435643,e
20,1,0,0.148638,0.0311128,1.08902,0,0,1,1,0,0,1.09486,1.01177,0.739045,e
21,1,1,-0.358631,0.649762,1.05791,0,0,1,1,0,0,1.0485,0.470923,0.123935,e
22,1,94,-0.593829,-0.45669,0.363971,0,0,1,1,0,0,0.363236,0.232135,0.197723,e
23,1,15,-0.629009,-0.465537,0.924657,0,0,1,1,0,0,0.309052,0.158821,0.140737,e
24,1,3,0.126781,0.0258728,0.0493581,1,0,0,0,1,0,0.941449,0.732401,0.0856216,e
25,1,7,0.868116,0.0404026,1.15054,0,0,1,-0.707107,0.707107,0,1.01872,0.328964,0.0712035,e
26,1,39,-0.674903,-0.500365,0.637196,0,0,1,0.92388,0.382683,-0,0.629111,0.178148,0.163277,e
123,1,0,0.728128,-0.636151,1.08901,0,0,1,0.707107,0.707107,-0,1.09106,0.175402,0.0632976,e
