object_index,region_index,category_index,px,py,pz,a0x,a0y,a0z,a1x,a1y,a1z,r0,r1,r2,rT
72,12,4,3.95424,-9.55287,1.53353,0,0,1,1,0,0,0.485306,0.40701,0.0321836,s
302,12,31,4.94692,-9.48365,-1.6591,1,0,0,-0,0,1,1.8669,1.53593,1.37281,s
303,12,39,5.05822,-9.56957,-0.202645,0,0,1,1,0,0,2.99238,1.98935,1.49195,s
304,12,0,5.6857,-8.95203,0.77703,0,0,1,2.22045e-16,1,-0,2.00124,0.848774,0.0699308,s
305,12,5,5.20426,-9.69719,0.866983,-1,2.22045e-16,0,0,0,1,0.396574,0.322537,0.0302396,s
