object_index,region_index,category_index,px,py,pz,a0x,a0y,a0z,a1x,a1y,a1z,r0,r1,r2,rT
306,13,7,-1.66533,-0.0153988,-2.05782,0,0,1,0,1,-0,1.27515,0.481409,0.114076,h
307,13,3,-0.566418,-0.0872119,-3.29322,-1,2.22045e-16,0,2.22045e-16,1,0,1.15009,0.580276,0.0404859,h
309,13,1,-1.13501,0.464098,-1.9813,0,0,1,1,0,0,1.33099,0.529464,0.0507625,h
310,13,0,-1.18442,-0.455635,-1.8016,0,0,1,-1,2.22045e-16,0,1.52626,0.494554,0.0711675,h
311,13,39,-0.557149,-0.0884593,-1.80303,0,0,1,1,0,0,1.53,1.12087,0.575373,h
312,13,1,-0.0843538,0.457317,-2.03264,0,0,1,-1,2.22045e-16,0,1.26058,0.54541,0.0414324,h
313,13,0,0.539707,-0.105357,-1.77354,0,0,1,2.22045e-16,1,-0,1.53168,0.564457,0.0501626,h
314,13,0,-0.540196,0.449037,-1.76557,0,0,1,-1,2.22045e-16,0,1.52738,1.12354,0.0380735,h
