object_index,region_index,category_index,px,py,pz,a0x,a0y,a0z,a1x,a1y,a1z,r0,r1,r2,rT
436,21,108,-9.07798,-6.10343,1.25657,1,0,0,-0,0,1,1.69998,1.2781,0.442711,c
437,21,39,-9.12425,-5.57244,1.25172,1,0,0,-0,0,1,1.75225,1.26307,0.972966,c
438,21,3,-8.99349,-5.30017,0.0307499,-1,2.22045e-16,0,2.22045e-16,1,0,1.61228,0.496401,0.0558253,c
439,21,8,-7.86178,-5.33444,1.5051,0,0,1,0,1,-0,1.02827,0.525301,0.406415,c
440,21,0,-8.63666,-4.82251,1.26262,0,0,1,-1,2.22045e-16,0,1.2726,1.25294,0.0574796,c
441,21,2,-9.13015,-5.6335,2.45249,-1,2.22045e-16,0,2.22045e-16,1,0,1.74635,0.870214,0.110694,c
442,21,8,-9.97654,-5.17081,1.46176,1,0,0,-0,0,1,0.644404,0.461306,0.175241,c
443,21,19,-10.5838,-5.51253,1.2318,0,0,1,2.22045e-16,1,-0,1.23779,0.473732,0.0510049,c
444,21,52,-9.12254,-4.91241,1.21901,0,0,1,1,0,0,0.774962,0.260704,0.172391,c
