object_index,region_index,category_index,px,py,pz,a0x,a0y,a0z,a1x,a1y,a1z,r0,r1,r2,rT
232,11,0,-7.42802,-6.13766,1.31102,0,0,1,2.22045e-16,1,-0,1.31392,0.489967,0.109838,h
233,11,0,-7.40078,-4.72606,1.26038,0,0,1,0.92388,0.382683,-0,1.24787,0.172769,0.11119,h
234,11,39,-6.96818,-5.6579,1.2944,0,0,1,0,1,-0,1.28147,0.968602,0.545937,h
235,11,2,-6.96925,-5.60156,2.50745,0,1,0,1,-0,0,0.97902,0.556386,0.187815,h
236,11,0,-6.54663,-5.27844,1.28865,0,0,1,0,1,-0,1.27659,0.658792,0.138212,h
237,11,3,-6.9723,-5.62752,0.167325,0,1,0,1,-0,0,0.99711,0.546561,0.200032,h
