object_index,region_index,category_index,px,py,pz,a0x,a0y,a0z,a1x,a1y,a1z,r0,r1,r2,rT
49,3,0,13.2959,-3.11461,4.5619,0,0,1,0,1,-0,1.33617,0.451101,0.0663939,h
50,3,0,12.4048,-2.41065,4.56546,0,0,1,0,1,-0,1.33313,1.15283,0.0408335,h
51,3,3,12.8598,-2.02943,3.31365,0,1,0,1,-0,0,1.63108,0.495251,0.0956389,h
53,3,2,12.8548,-1.98096,5.87392,0,1,0,1,-0,0,1.58561,0.499732,0.0401385,h
55,3,1,12.4389,-0.951686,4.55804,0,0,1,0,1,-0,1.33794,0.520424,0.098083,h
56,3,39,12.8554,-1.34066,4.56102,0,0,1,0,1,-0,1.34091,0.831392,0.5104,h
