object_index,region_index,category_index,px,py,pz,a0x,a0y,a0z,a1x,a1y,a1z,r0,r1,r2,rT
115,10,3,5.9892,-1.47763,3.24142,-1,2.22045e-16,0,2.22045e-16,1,0,9.68324,2.03798,0.0686307,s
160,10,77,5.39066,-1.48191,1.64933,-1,2.22045e-16,0,0,0,1,2.68942,1.65577,0.576987,s
161,10,0,5.59429,-1.04051,1.62935,-1,2.22045e-16,0,0,0,1,2.53576,1.93887,0.153998,s
163,10,39,5.41786,-1.62723,1.56924,1,0,0,-0,0,1,2.7085,1.86083,0.709714,s
164,10,7,7.10792,-0.968636,1.00473,0,0,1,-1,2.22045e-16,0,1.03102,0.578728,0.0966295,s
165,10,67,6.16706,-1.45759,-0.188887,0,1,0,1,-0,0,0.389945,0.180228,0.108141,s
166,10,3,7.1761,-1.40917,-0.0106904,1,0,0,0,1,0,0.903302,0.48395,0.0473835,s
