object_index,region_index,category_index,px,py,pz,a0x,a0y,a0z,a1x,a1y,a1z,r0,r1,r2,rT
31,2,118,2.83877,-1.12396,1.94867,0,0,1,1,0,0,0.555339,0.368647,0.33203,j
32,2,0,2.39985,-0.555078,2.33055,0,0,1,2.22045e-16,1,-0,1.53906,0.975984,0.913681,j
33,2,14,2.04671,-1.16196,1.1652,0,0,1,0,1,-0,0.375313,0.350483,0.347806,j
34,2,2,2.35204,-0.549552,3.87201,2.22045e-16,1,0,-1,2.22045e-16,0,0.965237,0.863255,0.0415342,j
35,2,202,2.82833,-1.1375,1.4213,0,0,1,2.22045e-16,1,-0,0.63395,0.382636,0.37239,j
36,2,7,3.18121,-0.276865,1.924,0,0,1,0,1,-0,1.13847,0.667108,0.147342,j
37,2,12,2.07417,-1.34873,2.59666,0,0,1,-1,2.22045e-16,0,0.461483,0.409671,0.170183,j
38,2,39,2.70643,-1.11104,1.63019,0,0,1,0.92388,0.382683,-0,0.714882,0.649329,0.323635,j
39,2,3,2.43106,-0.532189,0.88143,0,1,0,1,-0,0,0.959167,0.942273,0.102824,j
