object_index,region_index,category_index,px,py,pz,a0x,a0y,a0z,a1x,a1y,a1z,r0,r1,r2,rT
71,5,1,1.38587,-1.09963,1.85659,0,0,1,2.22045e-16,1,-0,1.05997,0.54808,0.114744,e
72,5,12,-0.258308,-1.53348,1.34696,0,0,1,1,0,0,0.558161,0.358549,0.122926,e
73,5,2,0.420572,-0.42842,3.86755,0,1,0,1,-0,0,1.21718,1.19395,0.0628318,e
74,5,39,0.494615,-0.418438,2.32363,0,0,1,2.22045e-16,1,-0,1.54523,1.20186,1.11147,e
75,5,0,0.740744,-1.32059,2.33401,0,0,1,0.92388,0.382683,-0,1.54037,1.12545,0.468803,e
76,5,3,0.433868,-0.456648,0.877437,0,1,0,1,-0,0,1.24555,1.21038,0.132589,e
77,5,7,0.777949,-1.57396,1.88593,0,0,1,1,0,0,1.09145,0.688012,0.130408,e
78,5,0,1.51206,0.545327,2.33269,0,0,1,-0.382683,0.92388,0,1.52933,0.264188,0.107003,e
79,5,18,1.26294,0.703698,2.25433,-1,2.22045e-16,0,0,0,1,0.216558,0.148453,0.0828119,e
