object_index,region_index,category_index,px,py,pz,a0x,a0y,a0z,a1x,a1y,a1z,r0,r1,r2,rT
482,17,0,-3.20245,2.17361,1.14241,0,0,1,-0.382683,-0.92388,0,1.18735,1.09198,0.410895,h
485,17,10,-3.25605,2.0807,1.55901,1,0,0,-0,0,1,0.311628,0.208345,0.0201252,h
