object_index,region_index,category_index,px,py,pz,a0x,a0y,a0z,a1x,a1y,a1z,r0,r1,r2,rT
775,31,8,-6.72521,-4.20811,1.34297,0,0,1,-0.382683,0.92388,0,1.20413,0.0752079,0.0429579,h
776,31,3,-7.43685,-1.96771,0.0938523,0,1,0,1,-0,0,2.52201,0.559193,0.0901925,h
778,31,39,-7.41983,-4.22465,1.50417,0,0,1,1,0,0,0.841566,0.688832,0.0761249,h
