object_index,region_index,category_index,px,py,pz,a0x,a0y,a0z,a1x,a1y,a1z,r0,r1,r2,rT
511,23,39,-0.233891,1.14699,1.26674,1,0,0,-0,0,1,1.94724,1.24704,1.10133,h
512,23,0,-0.231049,1.14776,1.26403,-1,2.22045e-16,0,0,0,1,1.95293,1.25164,1.10578,h
514,23,3,-0.247264,1.15187,0.0574423,-1,2.22045e-16,0,2.22045e-16,1,0,1.93309,1.09642,0.0483521,h
515,23,5,1.28046,1.13794,1.53482,0,0,1,1,0,0,0.874326,0.359115,0.0122064,h
516,23,1,-1.62475,2.06606,1.26141,0,0,1,1,0,0,1.24718,0.559447,0.096193,h
517,23,1022,0.71836,1.30073,1.35716,2.22045e-16,1,0,-0,0,1,0.0706379,0.062754,0.014641,h
