object_index,region_index,category_index,px,py,pz,a0x,a0y,a0z,a1x,a1y,a1z,r0,r1,r2,rT
0,0,0,-13.1313,-0.597562,4.47141,0,0,1,1,0,0,1.29079,0.900233,0.740952,t
1,0,27,-13.6726,-0.550318,3.58346,-0.92388,0.382683,0,0,0,1,0.531025,0.374382,0.334421,t
2,0,2,-13.1477,-0.497377,5.67879,1,0,0,0,1,0,0.893788,0.613694,0.109884,t
3,0,7,-12.3594,-0.568527,4.32407,0,0,1,2.22045e-16,1,-0,1.07989,0.478986,0.131543,t
4,0,3,-13.1487,-0.501546,3.31202,-1,2.22045e-16,0,2.22045e-16,1,0,0.893992,0.596958,0.145145,t
5,0,8,-13.7582,-0.244427,4.35609,0,0,1,-0.92388,0.382683,0,0.503373,0.246652,0.19576,t
6,0,49,-13.8426,-0.565025,4.65596,2.22045e-16,1,0,-0,0,1,0.395979,0.349183,0.0345182,t
7,0,115,-13.6244,-0.937642,3.36428,-1,2.22045e-16,0,2.22045e-16,1,0,0.196604,0.160262,0.148153,t
8,0,39,-13.0757,-0.623624,4.48315,0,0,1,1,0,0,1.28372,0.772223,0.714889,t
