object_index,region_index,category_index,px,py,pz,a0x,a0y,a0z,a1x,a1y,a1z,r0,r1,r2,rT
351,15,8,-8.58536,3.832,4.37716,0,0,1,0,1,-0,1.64685,1.03996,0.524651,n
352,15,13,-7.07503,4.27958,4.50725,-1,2.22045e-16,0,0,0,1,1.61085,1.29415,0.405239,n
353,15,39,-7.28823,3.64089,4.62275,-1,2.22045e-16,0,0,0,1,1.81856,1.40125,1.23107,n
354,15,0,-7.18065,3.43786,4.42095,1,0,0,-0,0,1,1.72762,1.60801,1.02833,n
355,15,2,-7.19699,3.47938,5.90123,-1,2.22045e-16,0,2.22045e-16,1,0,1.7174,0.961338,0.156441,n
360,15,49,-5.48389,3.46798,4.82734,0,0,1,2.22045e-16,1,-0,0.191048,0.168029,0.00611448,n
361,15,49,-5.4729,3.8836,4.82098,0,0,1,2.22045e-16,1,-0,0.212515,0.203965,0.00979328,n
362,15,49,-5.48734,3.07789,4.80449,0,0,1,2.22045e-16,1,-0,0.214502,0.186188,0.0148964,n
