object_index,region_index,category_index,px,py,pz,a0x,a0y,a0z,a1x,a1y,a1z,r0,r1,r2,rT
519,24,0,-1.2548,-1.83579,1.29845,0,1,0,0,0,1,1.87731,1.27378,0.736018,h
520,24,1,-0.54433,-0.409677,1.28323,0,0,1,0,1,-0,1.26411,0.441939,0.0916692,h
521,24,3,-1.19862,-1.80488,0.101321,0,1,0,1,-0,0,1.96114,0.762517,0.0857475,h
523,24,7,-1.03959,0.0813861,1.28552,0,0,1,1,0,0,1.26577,0.489164,0.0908892,h
524,24,1,-0.588726,-3.27246,1.1105,0,0,1,2.22045e-16,1,-0,1.0867,0.455982,0.086534,h
525,24,7,-1.02148,-3.6639,1.20553,0,0,1,1,0,0,1.17334,0.507296,0.102122,h
526,24,42,-1.96513,-1.50027,1.33951,0,0,1,0,1,-0,0.160671,0.131845,0.0104401,h
