object_index,region_index,category_index,px,py,pz,a0x,a0y,a0z,a1x,a1y,a1z,r0,r1,r2,rT
139,6,0,-2.05712,-2.78945,4.47946,0,0,1,0.707107,0.707107,-0,1.26536,0.0856092,0.0460708,h
141,6,2,-4.90444,-3.35469,5.71384,-1,2.22045e-16,0,2.22045e-16,1,0,3.95973,0.601647,0.0744052,h
142,6,17,-4.37662,-4.07946,4.68185,1,0,0,-0,0,1,0.887271,0.886452,0.189416,h
143,6,0,-4.8864,-3.94398,4.48238,1,0,0,-0,0,1,3.97355,1.28388,0.125089,h
144,6,0,-5.19637,-2.94015,4.42278,-1,2.22045e-16,0,0,0,1,3.25975,1.34998,0.230349,h
145,6,7,-5.96475,-2.72216,4.42015,0,0,1,-1,2.22045e-16,0,1.22074,0.632722,0.115767,h
146,6,7,-1.68825,-3.99672,4.28293,0,0,1,1,0,0,1.06643,0.521381,0.0677853,h
147,6,39,-4.32822,-3.34999,4.38879,1,0,0,-0,0,1,3.34154,1.37073,0.623127,h
148,6,3,-4.85689,-3.35238,3.18826,-1,2.22045e-16,0,2.22045e-16,1,0,3.87579,0.710827,0.164749,h
