object_index,region_index,category_index,px,py,pz,a0x,a0y,a0z,a1x,a1y,a1z,r0,r1,r2,rT
6,1,0,17.5333,2.35929,-0.597088,2.22045e-16,1,0,-1,2.22045e-16,0,4.04155,0.779914,0.324462,p
21,1,3,12.4419,2.28227,-0.490784,0,1,0,1,-0,0,8.06386,5.22007,0.166815,p
