object_index,region_index,category_index,px,py,pz,a0x,a0y,a0z,a1x,a1y,a1z,r0,r1,r2,rT
251,14,2,-8.72608,3.0182,2.49803,1,0,0,0,1,0,1.52883,1.13658,0.227154,h
252,14,0,-8.72645,3.00661,1.22182,1,0,0,-0,0,1,1.5299,1.23261,1.14046,h
253,14,256,-9.73062,3.83126,0.464965,0,0,1,1,0,0,0.461429,0.405904,0.284534,h
254,14,3,-8.72067,3.2129,0.0773901,0.92388,0.382683,0,-0.382683,0.92388,0,1.46564,1.04726,0.102391,h
255,14,39,-9.24219,3.14771,1.24066,0,0,1,-0.382683,0.92388,0,1.26553,1.11921,0.689494,h
256,14,359,-8.83394,3.8932,1.06098,0,0,1,0.92388,0.382683,-0,0.0776148,0.0675448,0.0442989,h
