object_index,region_index,category_index,px,py,pz,a0x,a0y,a0z,a1x,a1y,a1z,r0,r1,r2,rT
70,4,3,6.78707,3.78431,-0.385379,0,1,0,1,-0,0,7.46319,2.20313,0.102144,p
71,4,39,6.58549,-2.48215,1.28006,0,0,1,-0.382683,0.92388,0,1.73145,1.51287,0.615138,p
72,4,0,5.46423,7.28109,1.27931,2.22045e-16,1,0,-0,0,1,3.96612,1.73217,0.992951,p
73,4,298,4.76118,6.14791,1.09671,0,0,1,2.22045e-16,1,-0,1.54401,1.44075,0.211269,p
74,4,298,5.22571,9.19942,1.09993,0.382683,0.92388,0,-0,0,1,1.63984,1.53763,0.382425,p
75,4,39,5.27857,7.48548,1.13998,2.22045e-16,1,0,-0,0,1,3.7941,1.58011,0.727012,p
76,4,8,4.64563,5.46179,0.842262,0,0,1,2.22045e-16,1,-0,1.00367,0.216667,0.0695653,p
