object_index,region_index,category_index,px,py,pz,a0x,a0y,a0z,a1x,a1y,a1z,r0,r1,r2,rT
268,10,0,-4.62268,-0.724427,0.47143,0,0,1,1,0,0,1.27343,1.0095,0.832716,a
269,10,39,-4.6201,-0.749048,0.501872,0,0,1,-0.92388,0.382683,0,1.24206,0.993562,0.668028,a
270,10,0,-4.30103,-0.519127,1.85726,1,0,0,0,1,0,0.764567,0.44212,0.130471,a
271,10,15,-4.37926,-1.2031,0.33505,0,0,1,1,0,0,1.12385,0.643788,0.359676,a
272,10,3,-4.61778,-0.709469,-0.679862,-1,2.22045e-16,0,2.22045e-16,1,0,0.992455,0.793542,0.233489,a
273,10,43,-4.42417,-0.541472,1.59863,1,0,0,0,1,0,0.649126,0.459543,0.0779628,a
274,10,3,-4.29499,-0.514433,1.75909,1,0,0,0,1,0,0.72988,0.35631,0.032932,a
