object_index,region_index,category_index,px,py,pz,a0x,a0y,a0z,a1x,a1y,a1z,r0,r1,r2,rT
128,6,0,2.16215,-2.07278,-1.52666,0,0,1,2.22045e-16,1,-0,1.38237,1.26678,0.661784,s
129,6,31,2.17814,-2.08787,-1.77311,0,0,1,0,1,-0,1.31677,1.29984,0.65868,s
130,6,39,2.16897,-2.08328,-1.76961,0,0,1,0,1,-0,1.31555,1.28923,0.645353,s
131,6,30,2.70908,-2.03304,-1.27197,0,1,0,0,0,1,1.19185,0.690172,0.0851228,s
132,6,3,2.62436,-2.09668,-3.0532,2.22045e-16,1,0,-1,2.22045e-16,0,1.26523,0.211141,0.044349,s
133,6,30,1.60554,-2.0537,-1.26606,0,1,0,0,0,1,1.2098,0.683595,0.0654633,s
535,6,39,2.26586,-0.993906,0.474561,0,0,1,1,0,0,0.65877,0.609917,0.14773,s
