object_index,region_index,category_index,px,py,pz,a0x,a0y,a0z,a1x,a1y,a1z,r0,r1,r2,rT
154,36,1480,11.3198,-4.86241,1.07245,0,0,1,0,1,-0,1.07945,0.764222,0.0487719,c
720,36,22,12.0639,-5.18869,1.40459,0,0,1,0,1,-0,1.4205,1.06979,0.846345,c
721,36,39,12.0604,-5.14268,1.40856,0,0,1,0,1,-0,1.42447,1.09496,0.796598,c
722,36,3,12.0977,-5.11946,0.0729712,0,1,0,1,-0,0,1.10849,0.813632,0.0888786,c
723,36,2,12.0949,-5.18761,2.8041,0,1,0,1,-0,0,1.05966,0.835095,0.0394197,c
724,36,7,12.1216,-4.18795,1.41865,0,0,1,0.92388,0.382683,-0,1.4126,0.600197,0.231877,c
725,36,1,12.6623,-4.5497,1.33353,0,0,1,2.22045e-16,1,-0,1.33114,0.428531,0.102481,c
726,36,0,12.1493,-5.72757,1.42229,0,0,1,-1,2.22045e-16,0,1.41631,0.786427,0.530909,c
727,36,0,12.0952,-4.27746,1.55877,0,0,1,1,0,0,1.27426,0.731555,0.161997,c
