object_index,region_index,category_index,px,py,pz,a0x,a0y,a0z,a1x,a1y,a1z,r0,r1,r2,rT
544,20,8,-1.0236,-2.46065,1.26461,0,0,1,-0.382683,-0.92388,0,1.35546,0.428783,0.134413,e
548,20,5,-1.79151,-3.85613,1.72821,-0.382683,-0.92388,0,0,0,1,1.70605,0.945432,0.266778,e
597,20,1,0.760037,-1.29227,1.24467,0,0,1,0,1,-0,1.31325,0.89711,0.220212,e
598,20,2,-0.0464349,-1.3695,2.43082,1,0,0,0,1,0,0.709328,0.607202,0.0423691,e
