object_index,region_index,category_index,px,py,pz,a0x,a0y,a0z,a1x,a1y,a1z,r0,r1,r2,rT
681,33,2,-4.32641,8.68678,2.46552,0,1,0,1,-0,0,1.22512,0.90317,0.157176,h
682,33,1,-3.73767,8.91836,1.03003,0,0,1,-0.707107,-0.707107,0,1.03825,0.483135,0.159116,h
683,33,39,-4.31954,8.70506,1.27149,0,0,1,0,1,-0,1.28416,1.17971,0.973114,h
684,33,1015,-4.63022,9.47986,1.24469,0,0,1,-0.707107,0.707107,0,1.20989,0.404145,0.239794,h
685,33,0,-4.29819,8.68624,1.2868,0,0,1,0,1,-0,1.30576,1.22665,0.97594,h
687,33,7,-3.45213,8.80292,1.08678,0,0,1,0,1,-0,1.01549,0.48152,0.116494,h
688,33,7,-5.01269,9.49828,1.20335,0,0,1,0.382683,0.92388,-0,1.21543,0.347228,0.082028,h
