object_index,region_index,category_index,px,py,pz,a0x,a0y,a0z,a1x,a1y,a1z,r0,r1,r2,rT
692,34,30,2.81767,-2.52959,-0.358036,2.22045e-16,1,0,-0,0,1,0.649964,0.637605,0.0790642,s
694,34,8,2.78643,-3.14256,-0.796485,0,0,1,1,0,0,0.202513,0.0941355,0.0507035,s
697,34,3,3.91992,-3.86185,-1.53007,0,1,0,1,-0,0,0.304836,0.0759268,0.0520071,s
