object_index,region_index,category_index,px,py,pz,a0x,a0y,a0z,a1x,a1y,a1z,r0,r1,r2,rT
1118,35,30,-2.54952,28.3508,0.339701,1,0,0,-0,0,1,0.571734,0.438104,0.0627975,s
1122,35,39,-0.125269,27.2529,0.0304953,0,0,1,2.22045e-16,1,-0,0.141462,0.138906,0.0186861,s
1286,35,0,-1.62522,28.0507,-1.26795,0,0,1,1,0,0,1.56246,1.5523,1.31485,s
1288,35,77,-2.18071,28.7955,-0.851929,1,0,0,-0,0,1,1.0778,0.930474,0.57719,s
1290,35,77,-0.641177,27.652,-2.16251,0,0,1,0,1,-0,0.675681,0.649384,0.543061,s
1291,35,0,-2.16515,29.3207,-0.567741,1,0,0,-0,0,1,1.07986,0.862257,0.060174,s
1293,35,3,-0.650285,28.7594,-1.78223,0,1,0,1,-0,0,0.61069,0.517019,0.0259219,s
