object_index,region_index,category_index,px,py,pz,a0x,a0y,a0z,a1x,a1y,a1z,r0,r1,r2,rT
6,3,30,2.50177,1.77513,0.544749,0.382683,0.92388,0,-0.92388,0.382683,0,2.70613,0.974701,0.554928,s
78,3,0,2.65101,2.19144,-0.42605,0.382683,0.92388,0,-0,0,1,2.01541,1.46679,0.761664,s
79,3,0,3.88651,1.94628,-0.28915,0,1,0,0,0,1,1.87253,1.4843,0.183964,s
80,3,30,2.9338,1.94581,0.0439965,2.22045e-16,1,0,-0,0,1,2.00044,0.967617,0.499446,s
81,3,30,3.80646,1.63681,-0.506487,0,1,0,0,0,1,1.4566,0.814475,0.161678,s
82,3,31,3.20601,1.49491,-1.25007,0,1,0,0,0,1,1.47036,0.738741,0.677531,s
83,3,39,3.25717,1.97053,-0.195331,0,1,0,0,0,1,1.72457,0.976761,0.788662,s
84,3,1,3.13374,3.83482,-0.89084,1,0,0,-0,0,1,0.477628,0.277176,0.113665,s
