object_index,region_index,category_index,px,py,pz,a0x,a0y,a0z,a1x,a1y,a1z,r0,r1,r2,rT
17,26,7,-0.855961,-0.0442671,-4.7126,0,0,1,2.22045e-16,1,-0,1.03012,0.491531,0.0913554,z
479,26,3,-1.52642,-0.0803556,-5.69356,1,0,0,0,1,0,0.756613,0.528549,0.100543,z
480,26,0,-1.53218,-0.0957258,-4.67914,0,0,1,-1,2.22045e-16,0,1.10944,0.757225,0.594072,z
481,26,2,-1.52052,-0.10947,-3.71425,1,0,0,0,1,0,0.747678,0.575714,0.176675,z
