object_index,region_index,category_index,px,py,pz,a0x,a0y,a0z,a1x,a1y,a1z,r0,r1,r2,rT
163,6,0,4.54363,-1.44512,0.473119,0,0,1,1,0,0,1.4092,0.867123,0.47567,t
164,6,3,4.59979,-1.49565,-0.871918,-1,2.22045e-16,0,2.22045e-16,1,0,0.765349,0.462336,0.0651929,t
165,6,27,5.01944,-1.34174,-0.552656,0,0,1,1,0,0,0.37335,0.368591,0.325109,t
167,6,2,4.54362,-1.42003,1.86281,1,0,0,0,1,0,0.862858,0.447389,0.0425974,t
168,6,11,4.94938,-1.47781,1.85363,0,1,0,1,-0,0,0.192196,0.177289,0.0160018,t
169,6,39,4.60525,-1.44184,-0.449382,-1,2.22045e-16,0,0,0,1,0.783172,0.476603,0.445208,t
170,6,50,5.29554,-1.77876,-0.737881,0,0,1,0,1,-0,0.168075,0.10432,0.0935922,t
171,6,20,5.02812,-1.80645,-0.281133,0,1,0,1,-0,0,0.0771441,0.0738163,0.0672044,t
260,6,1,3.70965,-1.52245,1.42174,0,1,0,0,0,1,0.316473,0.0816935,0.030555,t
