object_index,region_index,category_index,px,py,pz,a0x,a0y,a0z,a1x,a1y,a1z,r0,r1,r2,rT
402,20,0,0.137503,-8.82025,3.43741,1,0,0,-0,0,1,2.12906,1.45283,0.913145,y
404,20,1,1.67936,-7.64884,3.31685,0,0,1,-0.382683,0.92388,0,1.27835,0.424988,0.309064,y
406,20,1,-1.58472,-7.52728,3.3966,0,0,1,0.382683,0.92388,-0,1.37768,0.451641,0.274696,y
408,20,43,0.0147693,-8.33278,4.65153,1,0,0,0,1,0,1.96343,1.08542,0.316545,y
410,20,39,0.15339,-8.65992,3.43089,1,0,0,-0,0,1,2.09012,1.47054,1.42039,y
