object_index,region_index,category_index,px,py,pz,a0x,a0y,a0z,a1x,a1y,a1z,r0,r1,r2,rT
37,9,2,-1.24814,3.5158,-3.67684,0,1,0,0,0,1,0.0973494,0.0851595,0.064,s
190,9,2,-1.70457,2.19792,-0.0573814,1,0,0,0,1,0,0.78069,0.366892,0.350368,s
191,9,31,-1.42886,3.4863,-1.28814,-0.382683,0.92388,0,0.92388,0.382683,0,1.5617,1.52664,1.49292,s
192,9,39,-1.53638,3.48109,-1.32079,0.707107,0.707107,0,-0,0,1,1.7265,1.5729,1.37939,s
194,9,0,-2.25007,3.34263,-1.2081,2.22045e-16,1,0,-0,0,1,1.42278,1.34157,0.300874,s
197,9,5,-1.20406,5.20411,-2.15585,0,0,1,-1,2.22045e-16,0,0.74357,0.438085,0.25874,s
199,9,30,-2.43948,2.44746,-1.18396,0,1,0,0,0,1,0.509754,0.402955,0.0364408,s
390,9,31,-1.80831,2.86978,1.09368,0,0,1,2.22045e-16,1,-0,1.26704,1.10343,0.690676,s
