object_index,region_index,category_index,px,py,pz,a0x,a0y,a0z,a1x,a1y,a1z,r0,r1,r2,rT
185,8,31,-0.107585,-2.38258,2.40287,1,0,0,0,1,0,0.963452,0.483881,0.351191,s
186,8,43,-0.0514097,-2.40242,5.84336,1,0,0,0,1,0,0.969586,0.464044,0.0327146,s
187,8,39,-0.140543,-2.55625,2.81416,-0.92388,0.382683,0,0,0,1,1.02645,0.599158,0.239917,s
188,8,8,0.851717,-2.76231,3.789,0,0,1,-0.382683,-0.92388,0,0.395899,0.113337,0.093601,s
189,8,0,0.851052,-2.40554,2.50629,2.22045e-16,1,0,-0,0,1,0.458067,0.277102,0.0725643,s
