object_index,region_index,category_index,px,py,pz,a0x,a0y,a0z,a1x,a1y,a1z,r0,r1,r2,rT
475,25,0,-1.50629,0.725586,4.28624,0,0,1,0.92388,0.382683,-0,0.60816,0.171061,0.0600608,a
478,25,39,-1.32825,0.698833,2.80449,1,0,0,-0,0,1,0.0541925,0.0486633,0.0219545,a
