object_index,region_index,category_index,px,py,pz,a0x,a0y,a0z,a1x,a1y,a1z,r0,r1,r2,rT
500,28,30,-1.63935,-1.80637,4.68724,0,0,1,1,0,0,2.07714,0.859976,0.811518,s
501,28,39,-1.64862,-1.78577,4.59984,0,0,1,1,0,0,2.16525,0.848194,0.799018,s
502,28,31,-1.60407,-1.76817,4.62147,0,0,1,1,0,0,2.07048,0.874257,0.766872,s
503,28,0,-1.67621,-1.55743,4.73122,0,0,1,0.92388,0.382683,-0,2.03629,1.07529,0.614125,s
505,28,15,-1.67808,-2.18507,2.91386,-0.92388,0.382683,0,0,0,1,0.338506,0.32711,0.204467,s
