object_index,region_index,category_index,px,py,pz,a0x,a0y,a0z,a1x,a1y,a1z,r0,r1,r2,rT
320,6,0,-4.53995,-12.5013,1.56892,-0.382683,0.92388,0,0,0,1,1.58346,1.27765,0.167711,o
321,6,0,-3.3423,-13.5364,1.58869,0,0,1,0.92388,0.382683,-0,1.12686,0.857181,0.168824,o
322,6,2,-3.87095,-12.2027,1.58341,0,0,1,-0.382683,0.92388,0,1.59924,1.59525,0.885433,o
323,6,0,-4.47104,-10.7885,1.69079,0,0,1,0.92388,0.382683,-0,1.08773,0.867892,0.0438024,o
324,6,1,-4.46648,-10.8848,1.33721,0,0,1,-0.92388,-0.382683,0,0.632346,0.552314,0.101377,o
325,6,3,-3.44287,-12.0342,0.73534,-0.382683,0.92388,0,0.92388,0.382683,0,1.56137,0.353306,0.0608413,o
326,6,39,-4.01805,-12.2291,1.40458,2.22045e-16,1,0,-0,0,1,1.74593,1.43634,0.515292,o
