object_index,region_index,category_index,px,py,pz,a0x,a0y,a0z,a1x,a1y,a1z,r0,r1,r2,rT
985,43,71,-9.97929,17.5926,3.31921,-1,2.22045e-16,0,2.22045e-16,1,0,4.59084,1.7767,0.275056,p
986,43,43,-9.94108,15.8956,4.96423,-1,2.22045e-16,0,0,0,1,4.70011,0.280396,0.252192,p
987,43,39,-9.94675,17.4357,3.64783,1,0,0,0,1,0,4.70668,1.9324,1.31653,p
991,43,0,-9.96594,15.7564,3.72252,-1,2.22045e-16,0,0,0,1,4.68892,1.22237,0.149826,p
993,43,7,-9.78212,15.6767,3.53622,1,0,0,-0,0,1,2.52732,0.988641,0.0638065,p
994,43,11,-6.48917,15.7511,4.4054,0,0,1,1,0,0,0.238376,0.15073,0.0816236,p
995,43,1,-12.585,16.1136,3.51522,0,0,1,2.22045e-16,1,-0,0.994824,0.498323,0.183375,p
996,43,1,-6.94599,15.9633,3.51184,0,0,1,0.707107,0.707107,-0,0.991735,0.511075,0.093247,p
997,43,11,-13.5185,15.7624,4.42421,0,0,1,1,0,0,0.261131,0.150339,0.0436082,p
