object_index,region_index,category_index,px,py,pz,a0x,a0y,a0z,a1x,a1y,a1z,r0,r1,r2,rT
456,21,2,-11.5638,-8.49173,3.09689,1,0,0,0,1,0,1.7124,0.821964,0.175211,s
457,21,140,-11.5679,-8.84258,1.18767,0,0,1,1,0,0,1.90003,1.72197,0.321318,s
458,21,39,-11.6086,-8.61896,1.22732,0,0,1,1,0,0,1.9436,1.6821,0.655748,s
459,21,0,-11.5125,-8.19909,1.2864,0,0,1,1,0,0,1.82625,1.53569,0.475046,s
460,21,31,-11.5565,-8.48298,-0.337086,1,0,0,0,1,0,1.55229,0.753066,0.394729,s
461,21,1649,-11.433,-9.11257,1.21396,1,0,0,-0,0,1,1.99646,1.95951,0.246243,s
