object_index,region_index,category_index,px,py,pz,a0x,a0y,a0z,a1x,a1y,a1z,r0,r1,r2,rT
575,27,1,-17.748,2.60492,1.06265,0,0,1,2.22045e-16,1,-0,1.04606,0.540969,0.04562,c
582,27,7,-17.7347,2.72186,1.16514,2.22045e-16,1,0,-0,0,1,1.27198,1.09215,0.0689068,c
586,27,1,-17.6648,2.72531,1.1294,0,1,0,0,0,1,1.24524,1.11483,0.141451,c
587,27,0,-17.3719,1.45492,1.37624,0,0,1,1,0,0,1.36532,0.426847,0.241602,c
588,27,2,-17.3706,2.79353,2.69944,0,1,0,1,-0,0,1.57546,0.428001,0.0645016,c
589,27,0,-17.3686,2.89059,1.37631,0,1,0,0,0,1,1.51241,1.36863,0.430012,c
590,27,39,-17.3819,2.84641,1.38781,0,1,0,0,0,1,1.56926,1.36893,0.414805,c
746,27,3,-16.9948,3.62317,3.1794,0,1,0,1,-0,0,1.16215,1.00706,0.127607,c
787,27,3,-17.471,1.90177,3.26195,1,0,0,0,1,0,2.95532,2.86013,0.22028,c
