object_index,region_index,category_index,px,py,pz,a0x,a0y,a0z,a1x,a1y,a1z,r0,r1,r2,rT
322,15,2,-6.21466,10.0935,2.12952,2.22045e-16,1,0,-1,2.22045e-16,0,0.740643,0.640972,0.107477,s
323,15,0,-5.63617,10.0979,0.862916,0,0,1,2.22045e-16,1,-0,1.31911,0.7414,0.0676827,s
324,15,30,-5.69163,10.1007,0.0812333,0,0,1,2.22045e-16,1,-0,0.771129,0.729458,0.113545,s
326,15,39,-5.46257,10.6907,-0.291702,0.382683,0.92388,0,-0.92388,0.382683,0,0.366011,0.118044,0.0820929,s
327,15,7,-5.23898,9.61239,1.38703,0,0,1,-0.382683,0.92388,0,0.635451,0.0510735,0.0314207,s
