object_index,region_index,category_index,px,py,pz,a0x,a0y,a0z,a1x,a1y,a1z,r0,r1,r2,rT
462,22,3,-10.4913,-13.3983,-1.0454,0,1,0,1,-0,0,3.62759,2.96439,0.0915285,p
463,22,2,-10.4574,-9.64926,3.09513,1,0,0,0,1,0,2.95858,0.73093,0.169603,p
464,22,39,-10.4508,-12.1991,0.993361,0,1,0,1,-0,0,3.29891,2.95043,2.11513,p
465,22,648,-11.4851,-9.52375,-0.853399,1,0,0,0,1,0,1.94438,0.441686,0.189171,p
466,22,0,-8.9387,-9.39546,-0.388024,0,0,1,1,0,0,0.718828,0.682661,0.486464,p
467,22,17,-8.06169,-8.9415,0.573104,-1,2.22045e-16,0,0,0,1,0.430516,0.362128,0.0789304,p
468,22,5,-8.0789,-8.9522,2.27402,0,0,1,-1,2.22045e-16,0,0.432163,0.426236,0.0549002,p
469,22,273,-9.54134,-12.2497,-1.02407,0,1,0,1,-0,0,0.279736,0.153396,0.0394033,p
470,22,273,-13.4127,-12.384,-1.04699,0,1,0,1,-0,0,1.5082,0.0451121,0.0294541,p
