object_index,region_index,category_index,px,py,pz,a0x,a0y,a0z,a1x,a1y,a1z,r0,r1,r2,rT
29,4,-1,-10.2273,9.20694,0.714879,0,1,0,1,-0,0,13.7346,8.78617,4.76946,s
58,4,1,-10.7518,9.54393,-2.54357,0,0,1,-1,2.22045e-16,0,1.31145,0.895507,0.0513496,s
61,4,0,-10.6112,8.88584,-2.15685,0,0,1,-1,2.22045e-16,0,1.83149,0.761903,0.709067,s
62,4,31,-10.7136,8.86952,-2.59897,0,0,1,-1,2.22045e-16,0,1.39913,0.742558,0.693554,s
63,4,0,-10.6712,9.34023,-0.773076,1,0,0,-0,0,1,0.721784,0.444057,0.0477524,s
65,4,2,-10.6623,8.77656,-0.352511,-1,2.22045e-16,0,2.22045e-16,1,0,0.723545,0.596694,0.0368099,s
66,4,1,-10.6385,9.49049,-1.23655,1,0,0,0,1,0,0.782354,0.136669,0.0441522,s
68,4,39,-10.6742,8.79145,-2.01969,0,0,1,1,0,0,1.75076,0.707355,0.565437,s
