object_index,region_index,category_index,px,py,pz,a0x,a0y,a0z,a1x,a1y,a1z,r0,r1,r2,rT
747,35,0,-16.9846,4.76654,4.59677,0,0,1,1,0,0,1.53031,1.01954,0.0435176,c
748,35,2,-16.9807,3.71176,5.82374,0,1,0,1,-0,0,1.0765,1.02725,0.368848,c
749,35,0,-17.0938,2.72741,4.58453,0,0,1,-0.92388,0.382683,0,1.52464,1.07056,0.407793,c
750,35,0,-15.9842,3.71456,4.58691,0,0,1,2.22045e-16,1,-0,1.52769,1.07547,0.033103,c
751,35,39,-16.9854,3.70623,4.70063,0,0,1,0,1,-0,1.49189,1.05125,0.992482,c
752,35,7,-17.1482,2.57849,4.20198,0,0,1,1,0,0,1.14582,0.780269,0.13271,c
753,35,1,-17.8863,3.07967,4.16763,0,0,1,0,1,-0,1.11474,0.443294,0.0669584,c
754,35,21,-16.4908,4.59619,3.92903,1,0,0,0,1,0,0.305577,0.163791,0.0745564,c
