object_index,region_index,category_index,px,py,pz,a0x,a0y,a0z,a1x,a1y,a1z,r0,r1,r2,rT
356,14,0,11.9328,-8.46303,1.59542,0,0,1,-1,2.22045e-16,0,1.61202,1.42673,1.24028,p
357,14,43,11.9138,-8.39568,2.79158,1,0,0,0,1,0,1.41695,1.17115,0.310635,p
358,14,40,11.262,-9.13053,0.442808,0,0,1,-0.707107,0.707107,0,0.432579,0.367323,0.357427,p
359,14,1038,11.8314,-7.18059,1.32652,0,0,1,1,0,0,1.33912,1.05564,0.139343,p
360,14,32,11.3342,-8.62341,0.280054,-0.92388,0.382683,0,0.382683,0.92388,0,0.408252,0.307225,0.281311,p
361,14,9,11.3288,-8.58892,0.542168,-0.92388,0.382683,0,0.382683,0.92388,0,0.179711,0.152336,0.0869409,p
362,14,3,11.8837,-8.38085,0.10107,0,1,0,1,-0,0,1.28635,1.24669,0.133337,p
363,14,15,11.4836,-8.8535,1.17051,0,1,0,0,0,1,0.733522,0.708199,0.679515,p
364,14,39,11.9777,-8.40171,1.63249,0,0,1,1,0,0,1.57079,1.38187,1.30109,p
