object_index,region_index,category_index,px,py,pz,a0x,a0y,a0z,a1x,a1y,a1z,r0,r1,r2,rT
258,8,43,-4.02364,13.0922,2.02756,-1,2.22045e-16,0,2.22045e-16,1,0,4.67661,1.92335,1.43717,y
259,8,0,-2.75319,12.9881,1.7626,-1,2.22045e-16,0,2.22045e-16,1,0,5.58398,1.86959,1.73704,y
260,8,39,-2.44392,12.9788,1.76022,1,0,0,0,1,0,5.21936,1.86119,1.72819,y
261,8,1,-2.8571,12.2986,1.49416,0,0,1,-1,2.22045e-16,0,1.22677,0.866266,0.0773387,y
263,8,5,0.967755,11.1489,1.77107,0,0,1,1,0,0,1.00103,0.815385,0.0569935,y
264,8,5,-6.68793,11.2155,1.87264,0,0,1,-1,2.22045e-16,0,0.976342,0.872683,0.0870843,y
265,8,16,-2.72773,14.735,0.745087,-1,2.22045e-16,0,0,0,1,0.741759,0.585345,0.178042,y
266,8,7,-2.87635,12.3297,1.57855,0,0,1,-1,2.22045e-16,0,1.45022,1.03952,0.0697851,y
267,8,16,-5.26641,14.7879,2.71114,0,0,1,0.92388,0.382683,-0,0.165961,0.103893,0.0888733,y
