object_index,region_index,category_index,px,py,pz,a0x,a0y,a0z,a1x,a1y,a1z,r0,r1,r2,rT
315,10,0,1.04174,6.33818,1.75004,0,0,1,1,0,0,1.53433,1.38496,0.478946,a
316,10,119,0.538675,6.30364,1.73048,0,0,1,-0.382683,0.92388,0,1.51629,0.449113,0.215098,a
318,10,5,2.41763,6.34627,2.11692,0,0,1,2.22045e-16,1,-0,0.779709,0.460977,0.111019,a
319,10,39,1.09038,6.42316,1.738,0,0,1,1,0,0,1.5349,1.43209,0.558992,a
320,10,45,0.131019,6.42762,1.13307,0,0,1,2.22045e-16,1,-0,0.918765,0.493104,0.450539,a
321,10,20,0.980472,5.96067,1.1461,0,0,1,1,0,0,0.520634,0.156974,0.095504,a
322,10,2,1.02377,6.34093,3.04081,1,0,0,0,1,0,1.36213,0.46287,0.26252,a
323,10,7,1.42434,6.85156,1.43196,0,0,1,-1,2.22045e-16,0,1.22542,0.849461,0.133857,a
324,10,20,0.762571,5.96674,1.47692,0,0,1,1,0,0,0.522259,0.161905,0.102568,a
