object_index,region_index,category_index,px,py,pz,a0x,a0y,a0z,a1x,a1y,a1z,r0,r1,r2,rT
532,19,3,-3.17466,21.32,-3.07073,1,0,0,0,1,0,5.79625,2.49571,0.100787,p
533,19,0,-6.80972,18.9779,-2.86948,-1,2.22045e-16,0,0,0,1,2.32431,0.292081,0.280732,p
534,19,0,0.722569,19.6594,-2.82073,-0.92388,-0.382683,0,0,0,1,2.03618,0.315338,0.112974,p
535,19,39,0.698106,22.2799,-2.94987,-0.707107,0.707107,0,0.707107,0.707107,0,2.629,0.294299,0.116879,p
