object_index,region_index,category_index,px,py,pz,a0x,a0y,a0z,a1x,a1y,a1z,r0,r1,r2,rT
17,1,3,-13.3576,-13.8262,0.227001,1,0,0,0,1,0,0.914564,0.816837,0.0678303,t
18,1,2,-13.4026,-13.8872,2.92316,2.22045e-16,1,0,-1,2.22045e-16,0,0.916834,0.807431,0.253168,t
19,1,0,-13.381,-13.8818,1.66456,0,0,1,1,0,0,1.50359,0.987017,0.923457,t
20,1,22,-14.0349,-14.2413,0.651314,0,0,1,-0.382683,0.92388,0,0.437731,0.353235,0.273676,t
21,1,11,-13.3653,-13.8151,2.42395,0.707107,0.707107,0,-0.707107,0.707107,0,0.0981405,0.0929689,0.0719943,t
22,1,578,-13.8812,-13.3446,0.562904,1,0,0,-0,0,1,0.394065,0.369926,0.294466,t
23,1,5,-14.3212,-14.2269,1.6626,0,0,1,0,1,-0,0.546155,0.352821,0.0952864,t
24,1,1,-13.1313,-14.5336,1.23047,0,0,1,1,0,0,1.03362,0.554821,0.108623,t
25,1,39,-13.4219,-13.8732,1.40359,0,0,1,1,0,0,1.22161,0.941218,0.882989,t
