object_index,region_index,category_index,px,py,pz,a0x,a0y,a0z,a1x,a1y,a1z,r0,r1,r2,rT
473,13,0,-14.9517,16.7112,1.81723,-1,2.22045e-16,0,0,0,1,18.5979,1.97599,0.319304,p
474,13,3,-15.0761,19.035,0.209769,-1,2.22045e-16,0,2.22045e-16,1,0,18.8254,2.59923,0.368522,p
475,13,0,-33.6598,19.1323,1.65195,0,1,0,0,0,1,2.10175,1.80612,0.248028,p
476,13,2,-15.8215,18.7854,3.21069,1,0,0,0,1,0,17.5087,2.2447,0.59176,p
477,13,0,-15.7491,19.102,1.77361,1,0,0,0,1,0,18.1524,2.56125,1.88038,p
478,13,39,2.05451,19.0155,1.38159,0,1,0,0,0,1,2.42278,1.41483,0.61219,p
