object_index,region_index,category_index,px,py,pz,a0x,a0y,a0z,a1x,a1y,a1z,r0,r1,r2,rT
0,0,0,-25.6438,2.68026,1.49267,0,0,1,1,0,0,1.54813,1.45106,1.20048,e
1,0,1,-26.4268,1.53708,1.28907,0,0,1,1,0,0,1.29313,0.632348,0.0775868,e
2,0,2,-25.6541,2.6477,2.69012,1,0,0,0,1,0,1.41516,1.15722,0.279919,e
3,0,1,-24.9564,1.74741,1.20354,0,0,1,-1,2.22045e-16,0,1.20764,0.426703,0.0408047,e
4,0,107,-24.4746,3.58011,0.414946,0,0,1,0,1,-0,0.432447,0.252357,0.214602,e
5,0,58,-25.6744,3.71939,1.50755,0,0,1,0,1,-0,1.52013,0.182856,0.141463,e
6,0,3,-25.6755,2.68274,0.0382692,1,0,0,0,1,0,1.39636,1.20638,0.0998991,e
7,0,39,-24.6085,1.79388,0.0224006,-0.92388,0.382683,0,0.382683,0.92388,0,0.0824249,0.0694646,0.0303924,e
