object_index,region_index,category_index,px,py,pz,a0x,a0y,a0z,a1x,a1y,a1z,r0,r1,r2,rT
239,18,5,-0.456527,9.29766,1.55272,0,0,1,-1,2.22045e-16,0,0.851813,0.391113,0.0701575,u
258,18,0,-1.7048,10.7738,2.34841,0,1,0,0,0,1,0.494849,0.0390815,0.0224735,u
268,18,5,-0.549948,10.0816,1.58191,-0.92388,0.382683,0,0,0,1,1.55902,0.921577,0.843196,u
269,18,2,-0.149378,10.2648,2.42152,-1,2.22045e-16,0,2.22045e-16,1,0,1.5216,1.03399,0.0818448,u
270,18,0,-0.169139,10.2837,1.19709,-1,2.22045e-16,0,0,0,1,1.57284,1.22755,1.05175,u
271,18,3,-0.00135666,10.2826,0.010432,1,0,0,0,1,0,1.4032,1.04991,0.0538658,u
272,18,32,-0.526171,9.60528,0.179167,1,0,0,-0,0,1,0.276005,0.217802,0.217081,u
273,18,39,-0.420746,10.0689,1.20302,1,0,0,-0,0,1,1.24038,1.22503,0.754364,u
