object_index,region_index,category_index,px,py,pz,a0x,a0y,a0z,a1x,a1y,a1z,r0,r1,r2,rT
35,2,0,-4.87099,-0.522655,1.07966,1,0,0,0,1,0,1.78488,1.37258,1.0647,S
36,2,67,-4.98077,-0.522704,0.458734,1,0,0,0,1,0,1.67167,1.37153,0.452207,S
37,2,2,-4.99647,-0.527412,2.10872,1,0,0,0,1,0,1.64511,1.3462,0.0387419,S
38,2,18,-3.42571,-1.79203,1.91796,0,0,1,-1,2.22045e-16,0,0.214461,0.0975176,0.0827183,S
39,2,14,-3.59748,-0.606595,0.411194,0,1,0,1,-0,0,0.573641,0.519259,0.416303,S
40,2,3,-4.31466,0.0230041,0.0497073,1,0,0,0,1,0,1.22205,0.825731,0.0557505,S
41,2,18,-6.54628,-1.77449,1.91802,0,0,1,1,0,0,0.206763,0.0903037,0.0899569,S
42,2,39,-4.85879,-0.512024,1.07641,-1,2.22045e-16,0,2.22045e-16,1,0,1.78269,1.34568,1.06302,S
