object_index,region_index,category_index,px,py,pz,a0x,a0y,a0z,a1x,a1y,a1z,r0,r1,r2,rT
67,20,0,14.1975,9.55969,1.49195,0,0,1,-0.382683,-0.92388,0,1.42701,0.798775,0.134146,h
281,20,15,14.6145,9.7813,0.992984,0,0,1,0.707107,0.707107,-0,1.00499,0.44258,0.354445,h
282,20,39,15.111,9.35069,1.46283,0,0,1,0,1,-0,1.47346,0.726267,0.387356,h
283,20,2,14.6322,9.35527,2.79805,0,1,0,1,-0,0,0.894045,0.671934,0.14737,h
285,20,0,15.0785,9.42875,1.45691,0,0,1,-0.382683,0.92388,0,1.46402,0.957011,0.169437,h
286,20,0,14.1858,9.39754,1.45593,0,0,1,0.382683,0.92388,-0,1.46866,0.972345,0.179023,h
287,20,7,15.3354,9.11364,1.09694,0,0,1,0,1,-0,1.10261,0.55132,0.169406,h
289,20,3,14.6442,9.26299,0.0159499,0,1,0,1,-0,0,0.796186,0.75839,0.0375012,h
