object_index,region_index,category_index,px,py,pz,a0x,a0y,a0z,a1x,a1y,a1z,r0,r1,r2,rT
144,11,39,3.91301,-0.175754,1.95491,0,0,1,0,1,-0,2.19752,1.79516,0.949327,s
145,11,31,3.87797,-0.216719,1.372,2.22045e-16,1,0,-0,0,1,1.68938,1.10179,0.848749,s
146,11,0,3.84,-0.0650653,2.01855,0,0,1,2.22045e-16,1,-0,2.03334,1.8551,0.963524,s
147,11,30,3.92871,0.622067,1.58848,0,0,1,0,1,-0,1.56728,1.02231,0.874814,s
148,11,2,3.89186,0.829566,2.64413,2.22045e-16,1,0,-1,2.22045e-16,0,0.966025,0.892055,0.0628104,s
149,11,3,3.43404,0.679246,0.083911,-0.382683,0.92388,0,-0.92388,-0.382683,0,1.11474,0.420586,0.0822917,s
158,11,31,4.37197,1.33825,0.528386,-0.707107,0.707107,0,0,0,1,0.968407,0.517348,0.507496,s
