object_index,region_index,category_index,px,py,pz,a0x,a0y,a0z,a1x,a1y,a1z,r0,r1,r2,rT
208,15,0,-1.15022,5.47586,1.19842,-1,2.22045e-16,0,0,0,1,1.96149,1.22994,0.693407,h
210,15,0,-3.03525,5.40617,1.1797,0,0,1,2.22045e-16,1,-0,1.21121,0.553517,0.125238,h
212,15,3,-1.01805,5.48013,0.0814397,-1,2.22045e-16,0,2.22045e-16,1,0,2.06832,0.686636,0.123928,h
213,15,0,-0.623615,6.10918,1.17957,-1,2.22045e-16,0,0,0,1,1.46305,1.21219,0.112466,h
214,15,39,-1.14164,5.48652,1.20262,-1,2.22045e-16,0,0,0,1,2.07585,1.22574,0.692537,h
215,15,1,0.408964,4.89588,1.1098,0,0,1,-1,2.22045e-16,0,1.1152,0.419212,0.107836,h
