object_index,region_index,category_index,px,py,pz,a0x,a0y,a0z,a1x,a1y,a1z,r0,r1,r2,rT
483,26,2,-1.57016,-9.47338,4.98137,-0.707107,0.707107,0,0,0,1,0.160658,0.08337,0.0154352,y
499,26,0,0.0827197,-9.15661,4.33099,-1,2.22045e-16,0,2.22045e-16,1,0,1.83648,1.75481,1.7173,y
500,26,1,-1.41458,-9.00696,3.92829,0,0,1,2.22045e-16,1,-0,1.06701,0.452267,0.129358,y
501,26,2,-1.08161,-8.56195,4.77504,0,1,0,1,-0,0,1.06456,0.671099,0.240482,y
502,26,39,-0.0809388,-8.64683,3.89162,1,0,0,-0,0,1,1.67151,1.1239,1.02722,y
503,26,3,0.029788,-9.39592,2.86042,1,0,0,0,1,0,1.6027,1.25903,0.188412,y
504,26,154,0.332141,-8.07067,3.22466,1,0,0,0,1,0,0.63029,0.420228,0.411458,y
505,26,154,1.11815,-8.09092,3.2507,1,0,0,0,1,0,0.490433,0.445291,0.443735,y
506,26,11,-1.05926,-7.70492,4.94563,0,1,0,1,-0,0,0.0937085,0.0792099,0.0322814,y
