object_index,region_index,category_index,px,py,pz,a0x,a0y,a0z,a1x,a1y,a1z,r0,r1,r2,rT
199,10,0,-2.4516,-16.2436,1.69059,-1,2.22045e-16,0,0,0,1,4.40475,1.9866,1.42811,y
200,10,2,-3.51017,-16.1865,2.65086,1,0,0,0,1,0,2.16179,0.790989,0.437619,y
201,10,53,-2.67842,-17.2393,1.12562,1,0,0,-0,0,1,1.36653,1.28528,0.319594,y
203,10,2,0.162662,-15.9093,3.71532,1,0,0,0,1,0,1.5692,1.03109,0.118107,y
204,10,39,-2.45408,-16.2205,1.75741,1,0,0,-0,0,1,4.38347,2.04855,1.37381,y
206,10,36,-1.09402,-15.3532,0.543928,0.707107,0.707107,0,-0.707107,0.707107,0,0.197291,0.157097,0.15045,y
207,10,53,-6.22461,-17.2164,1.03647,0,0,1,-0.92388,0.382683,0,1.07875,0.580307,0.284133,y
208,10,53,1.72131,-17.1889,1.16575,0,0,1,0.382683,0.92388,-0,1.17507,0.373288,0.278114,y
212,10,36,1.24978,-15.2507,0.546104,-0.92388,0.382683,0,0,0,1,0.204711,0.142713,0.138897,y
