object_index,region_index,category_index,px,py,pz,a0x,a0y,a0z,a1x,a1y,a1z,r0,r1,r2,rT
176,9,71,-1.54718,-2.2044,-2.62051,2.22045e-16,1,0,-0,0,1,0.757042,0.677405,0.114954,s
189,9,2,0.0355353,-1.88718,3.31099,-0.92388,-0.382683,0,-0.382683,0.92388,0,2.20209,0.980778,0.0979509,s
190,9,0,0.066303,-1.94909,0.106133,0,0,1,-0.92388,-0.382683,0,3.22199,2.20878,0.919537,s
191,9,30,-1.59089,-2.32102,0.589813,2.22045e-16,1,0,-0,0,1,0.628665,0.560892,0.0808464,s
192,9,39,0.29603,-1.90015,0.220921,0,0,1,0.92388,0.382683,-0,3.1916,2.22836,1.12965,s
193,9,5,1.91782,-0.961629,2.62521,0,0,1,2.22045e-16,1,-0,0.299841,0.288962,0.151265,s
194,9,5,1.95874,-0.992599,1.48363,0,0,1,0.382683,0.92388,-0,0.593297,0.301424,0.195814,s
195,9,31,0.141959,-1.88612,-2.10849,0.92388,0.382683,0,-0,0,1,2.03803,1.21831,0.891195,s
197,9,0,-0.429084,-3.1927,-1.24598,0,0,1,1,0,0,0.389135,0.344657,0.0730243,s
