object_index,region_index,category_index,px,py,pz,a0x,a0y,a0z,a1x,a1y,a1z,r0,r1,r2,rT
476,23,6,-2.48509,-14.7146,4.01832,0,0,1,1,0,0,0.640371,0.55938,0.337721,y
477,23,6,-3.20656,-14.7121,4.26329,1,0,0,-0,0,1,0.450807,0.345685,0.300992,y
478,23,0,-2.21333,-12.179,4.10785,0,1,0,1,-0,0,2.92149,2.59777,1.14249,y
479,23,463,-3.14837,-10.016,4.26276,2.22045e-16,1,0,-1,2.22045e-16,0,0.745596,0.648871,0.0515509,y
482,23,39,-2.34106,-12.0951,4.26916,-0.382683,0.92388,0,-0.92388,-0.382683,0,2.27774,1.7136,0.986176,y
