object_index,region_index,category_index,px,py,pz,a0x,a0y,a0z,a1x,a1y,a1z,r0,r1,r2,rT
463,22,39,0.920818,-4.20111,1.3998,0,1,0,0,0,1,1.66607,1.3918,1.3596,j
464,22,0,1.31663,-4.26347,1.80275,-0.382683,-0.92388,0,-0.92388,0.382683,0,1.8221,1.15108,0.862719,j
466,22,445,0.748367,-4.19329,0.800286,2.22045e-16,1,0,-1,2.22045e-16,0,1.661,1.17897,0.791581,j
467,22,12,1.57172,-3.73998,2.05182,0,1,0,0,0,1,0.884541,0.599786,0.339508,j
468,22,0,0.806557,-4.38252,1.41609,0,1,0,0,0,1,1.49354,1.4104,1.2471,j
469,22,7,-0.0863665,-3.64722,1.38343,0,0,1,1,0,0,1.3746,0.54858,0.481748,j
470,22,2,0.534466,-4.26094,2.81504,2.22045e-16,1,0,-1,2.22045e-16,0,1.03823,0.884684,0.0344061,j
471,22,12,1.06218,-4.02165,1.30027,0,0,1,0,1,-0,1.27673,1.02901,0.325829,j
472,22,12,0.707361,-5.53832,1.94789,-1,2.22045e-16,0,0,0,1,1.14119,0.492622,0.0336323,j
