object_index,region_index,category_index,px,py,pz,a0x,a0y,a0z,a1x,a1y,a1z,r0,r1,r2,rT
253,15,3,10.3398,1.93337,-0.335931,-0.92388,0.382683,0,0.382683,0.92388,0,2.52988,1.04787,0.125842,h
254,15,0,10.3458,1.90367,1.00073,-0.92388,0.382683,0,0,0,1,2.54853,1.44878,1.08619,h
255,15,2,10.3286,1.90325,1.16825,-0.92388,0.382683,0,0,0,1,2.51117,1.29181,1.0681,h
256,15,4,9.20483,2.89159,1.06181,1,0,0,-0,0,1,0.947003,0.644771,0.038071,h
257,15,1,11.693,2.29137,0.871512,0,0,1,-0.92388,0.382683,0,1.2223,0.382842,0.0673281,h
258,15,39,10.175,2.01789,1.03284,1,0,0,-0,0,1,2.08489,1.39739,0.39284,h
