object_index,region_index,category_index,px,py,pz,a0x,a0y,a0z,a1x,a1y,a1z,r0,r1,r2,rT
396,25,594,18.9788,1.86138,6.90151,1,0,0,-0,0,1,2.30127,1.45971,0.686732,h
397,25,721,22.2787,1.5445,6.72408,0,0,1,0,1,-0,0.982282,0.128934,0.0573483,h
399,25,1,22.3899,1.9665,6.69261,0,0,1,2.22045e-16,1,-0,1.03266,0.538637,0.155467,h
400,25,661,21.5273,1.5302,6.66269,0,0,1,0,1,-0,0.961818,0.102341,0.0427485,h
