object_index,region_index,category_index,px,py,pz,a0x,a0y,a0z,a1x,a1y,a1z,r0,r1,r2,rT
384,23,0,9.23545,-2.49847,6.23045,1,0,0,0,1,0,5.29559,1.22656,0.911922,y
398,23,30,9.11861,-1.71462,6.22175,-1,2.22045e-16,0,0,0,1,5.17594,0.561803,0.500152,y
