object_index,region_index,category_index,px,py,pz,a0x,a0y,a0z,a1x,a1y,a1z,r0,r1,r2,rT
297,20,0,11.4475,-0.600347,-2.31402,0,0,1,-0.707107,0.707107,0,1.00734,0.0668317,0.0421719,h
348,20,0,11.3312,-1.65859,-2.1434,0,0,1,0,1,-0,1.1884,1.14644,1.09944,h
349,20,0,10.6911,-1.16806,-2.21837,0,0,1,-0.382683,0.92388,0,1.11453,0.340221,0.319183,h
351,20,1,12.1884,-1.02975,-2.27304,0,0,1,0.382683,0.92388,-0,1.06832,0.521913,0.17728,h
353,20,0,11.8574,-0.574683,-2.21156,0,0,1,1,0,0,0.925818,0.474494,0.0653143,h
354,20,0,11.4069,-0.572742,-2.26203,0,0,1,-0.382683,-0.92388,0,0.794761,0.0676272,0.0189551,h
355,20,3,11.3885,-1.65429,-3.29111,0,1,0,1,-0,0,1.14324,1.03412,0.0668969,h
