object_index,region_index,category_index,px,py,pz,a0x,a0y,a0z,a1x,a1y,a1z,r0,r1,r2,rT
26,2,2,16.5059,-2.77481,6.63413,1,0,0,-0,0,1,2.26551,1.55127,0.837852,s
27,2,0,16.0595,-2.37109,5.92517,1,0,0,-0,0,1,1.61914,1.59928,0.0477445,s
28,2,0,16.4686,-3.35522,5.33579,0,0,1,1,0,0,2.57297,2.21637,0.0630429,s
29,2,39,16.5597,-2.74579,5.42431,0,0,1,1,0,0,2.6575,2.17165,0.800875,s
31,2,31,16.4434,-2.81347,4.17813,-1,2.22045e-16,0,0,0,1,2.23542,1.43943,0.600001,s
32,2,0,17.5093,-2.76041,4.05355,0,0,1,1,0,0,1.2734,1.17918,0.632182,s
33,2,0,17.5524,-2.66627,6.82431,0,0,1,0,1,-0,1.09044,0.718283,0.0383186,s
34,2,0,15.4531,-2.30505,3.96339,0,0,1,1,0,0,1.19463,1.15406,0.107084,s
56,2,0,15.4583,-2.78771,3.94884,1,0,0,-0,0,1,1.18367,1.18365,0.60218,s
