object_index,region_index,category_index,px,py,pz,a0x,a0y,a0z,a1x,a1y,a1z,r0,r1,r2,rT
189,12,0,18.4156,2.10474,0.847329,0,0,1,0,1,-0,1.4175,0.939398,0.827281,a
190,12,1,17.9794,1.43781,0.721412,0,0,1,0.92388,0.382683,-0,1.29462,0.552764,0.092186,a
192,12,0,17.5592,1.63728,0.95351,0,0,1,0,1,-0,1.52389,0.527823,0.21893,a
193,12,350,18.4294,2.46447,-0.071341,1,0,0,-0,0,1,0.761924,0.506041,0.389925,a
194,12,27,18.6627,1.70959,-0.337548,1,0,0,-0,0,1,0.266179,0.236417,0.140587,a
195,12,19,18.4348,2.85296,1.20054,0,0,1,1,0,0,0.666743,0.579489,0.0558664,a
196,12,39,18.3359,2.01752,0.649108,0,0,1,-1,2.22045e-16,0,1.22498,0.863123,0.836518,a
197,12,3,18.2383,2.06024,-0.551903,0.92388,0.382683,0,-0.382683,0.92388,0,1.156,0.568172,0.0364122,a
