object_index,region_index,category_index,px,py,pz,a0x,a0y,a0z,a1x,a1y,a1z,r0,r1,r2,rT
371,22,1,0.634839,-1.66379,0.644196,0,0,1,-0.92388,-0.382683,0,1.24742,0.751165,0.235188,y
373,22,0,0.736356,-1.02827,0.818596,0,0,1,-0.382683,0.92388,0,1.43778,0.899205,0.719845,y
377,22,2,0.000464499,-0.673349,2.21946,0,1,0,1,-0,0,1.87844,1.18396,0.0569918,y
378,22,0,0.500489,0.799282,0.817853,0,0,1,-0.382683,0.92388,0,1.42559,0.549872,0.333359,y
379,22,0,0.82181,0.208607,6.12781,-0.382683,0.92388,0,0,0,1,0.758584,0.44861,0.331335,y
407,22,0,1.19458,-0.390954,6.2534,0,0,1,-0.382683,-0.92388,0,0.52815,0.342788,0.217875,y
