object_index,region_index,category_index,px,py,pz,a0x,a0y,a0z,a1x,a1y,a1z,r0,r1,r2,rT
406,26,0,1.98747,-3.15113,6.14183,1,0,0,-0,0,1,0.501395,0.427782,0.140521,y
408,26,0,1.05535,1.13523,6.1629,0,0,1,0.92388,0.382683,-0,0.436967,0.351152,0.176244,y
409,26,0,1.50306,-1.82094,6.16795,-0.92388,-0.382683,0,0,0,1,0.541016,0.453871,0.247509,y
410,26,39,2.5125,0.474439,6.19907,0,1,0,1,-0,0,2.43439,1.56961,0.546365,y
