object_index,region_index,category_index,px,py,pz,a0x,a0y,a0z,a1x,a1y,a1z,r0,r1,r2,rT
82,4,14,9.49865,2.03805,3.79985,0,0,1,0,1,-0,0.861481,0.543467,0.281271,n
83,4,2,11.7466,0.0665413,5.10716,0,1,0,1,-0,0,3.77096,2.57992,2.16809,n
84,4,0,9.28703,0.162277,4.99914,2.22045e-16,1,0,-0,0,1,3.58817,2.07574,0.119423,n
87,4,39,11.5157,0.0611018,5.02346,0,1,0,1,-0,0,3.79799,2.54585,2.21184,n
88,4,102,9.62414,-1.92736,3.44049,0,1,0,0,0,1,0.827444,0.48411,0.357363,n
