object_index,region_index,category_index,px,py,pz,a0x,a0y,a0z,a1x,a1y,a1z,r0,r1,r2,rT
208,13,7,2.65157,-0.019966,3.93445,0,0,1,0,1,-0,1.12138,0.515199,0.174931,h
209,13,0,5.90045,0.00356138,4.8041,-1,2.22045e-16,0,0,0,1,3.41192,1.91557,0.525116,h
210,13,3,5.95115,-0.0615182,2.91612,1,0,0,0,1,0,3.40079,0.498649,0.085367,h
211,13,1,3.04525,0.27903,3.94929,0,0,1,-1,2.22045e-16,0,1.05779,0.466499,0.0944462,h
213,13,2,5.89302,-0.0332059,6.68376,1,0,0,0,1,0,3.40079,0.436544,0.0489576,h
214,13,39,6.10448,-0.0469794,4.07304,1,0,0,-0,0,1,3.16171,1.16666,0.466625,h
215,13,7,7.72784,-0.480664,4.13079,0,0,1,1,0,0,1.21782,0.846574,0.0865714,h
216,13,11,7.07059,-0.0544477,6.68936,0,1,0,1,-0,0,0.0955424,0.0875785,0.0189133,h
