object_index,region_index,category_index,px,py,pz,a0x,a0y,a0z,a1x,a1y,a1z,r0,r1,r2,rT
53,15,89,13.9261,2.45118,1.3624,0,0,1,0.707107,0.707107,-0,1.36268,1.05368,0.74858,s
222,15,0,12.43,3.53326,2.32137,1,0,0,-0,0,1,1.89689,1.58154,0.239389,s
224,15,0,14.2813,2.47298,3.18656,0,1,0,0,0,1,1.2708,0.782131,0.0609293,s
226,15,39,12.4354,2.47873,1.9562,0,0,1,-1,2.22045e-16,0,1.97585,1.96627,1.29083,s
227,15,30,10.654,2.42815,1.16003,0,1,0,0,0,1,1.08697,0.937574,0.140064,s
228,15,31,12.9811,2.78518,1.74291,1,0,0,-0,0,1,1.36591,0.827723,0.721195,s
230,15,2,11.1801,2.35134,2.44433,0,1,0,1,-0,0,1.06157,0.714095,0.600758,s
231,15,1,13.6756,2.34913,1.2345,0,0,1,-1,2.22045e-16,0,1.23934,0.675909,0.0876778,s
