object_index,region_index,category_index,px,py,pz,a0x,a0y,a0z,a1x,a1y,a1z,r0,r1,r2,rT
81,14,0,14.2937,-0.424006,5.08935,0,1,0,0,0,1,2.26532,2.14871,0.0685091,h
142,14,0,16.2452,0.327536,4.84634,0,0,1,-1,2.22045e-16,0,1.88895,0.603723,0.186861,h
168,14,0,16.5935,-0.208979,4.17483,0,0,1,-0.382683,-0.92388,0,1.21744,0.37326,0.189752,h
217,14,0,15.4758,-0.0582989,4.84316,0,0,1,1,0,0,1.90204,1.23677,0.519758,h
218,14,2,15.4878,-0.0143693,6.58599,1,0,0,0,1,0,1.19996,0.433135,0.169745,h
221,14,7,16.1465,-0.466755,4.18295,0,0,1,1,0,0,1.22432,0.537058,0.081387,h
