object_index,region_index,category_index,px,py,pz,a0x,a0y,a0z,a1x,a1y,a1z,r0,r1,r2,rT
101,6,0,0.237975,0.0241252,3.88847,0,1,0,1,-0,0,2.71777,2.41575,1.10605,n
102,6,43,0.250956,0.0430975,6.25272,0,1,0,1,-0,0,2.77051,2.44391,1.66407,n
103,6,3,0.230095,-0.0207546,2.84194,1,0,0,0,1,0,2.37905,2.04778,0.0886365,n
104,6,28,0.563506,0.719144,3.25852,-0.707107,0.707107,0,0.707107,0.707107,0,1.70562,1.12792,0.45154,n
105,6,39,0.246263,-0.052145,3.88853,0,1,0,1,-0,0,2.86581,2.42404,1.09341,n
106,6,214,1.69169,1.48261,3.1236,1,0,0,0,1,0,0.465599,0.45838,0.301148,n
