object_index,region_index,category_index,px,py,pz,a0x,a0y,a0z,a1x,a1y,a1z,r0,r1,r2,rT
198,12,0,14.7185,2.1509,4.64118,0,1,0,0,0,1,1.83717,1.71619,0.695733,a
199,12,39,14.9735,2.14504,4.42386,0,1,0,0,0,1,1.84784,1.51211,0.707444,a
200,12,10,14.724,1.90425,3.87479,-0.382683,0.92388,0,-0.92388,-0.382683,0,0.201214,0.111398,0.0876271,a
201,12,0,15.3696,0.380662,4.82869,0,0,1,1,0,0,1.91704,0.371832,0.048751,a
202,12,43,14.873,2.04819,5.53942,0,1,0,0,0,1,0.636782,0.512376,0.480141,a
203,12,7,15.5886,2.41745,3.97223,0,0,1,0,1,-0,1.05482,0.421425,0.100012,a
