object_index,region_index,category_index,px,py,pz,a0x,a0y,a0z,a1x,a1y,a1z,r0,r1,r2,rT
444,18,7,-4.62376,2.31935,3.95372,0,0,1,1,0,0,1.00521,0.526698,0.150082,b
445,18,2,-4.35052,4.11898,4.66867,2.22045e-16,1,0,-1,2.22045e-16,0,1.67497,1.52488,0.265774,b
446,18,39,-5.13963,3.56217,4.02353,-0.707107,0.707107,0,-0.707107,-0.707107,0,2.07542,1.07645,1.07502,b
447,18,0,-5.86558,4.51678,3.72697,2.22045e-16,1,0,-0,0,1,1.36253,0.719352,0.0256951,b
448,18,0,-4.33513,4.16229,3.9624,0,1,0,1,-0,0,1.73267,1.5402,0.958744,b
449,18,5,-2.81392,2.78469,3.8003,0,0,1,0,1,-0,0.784512,0.346344,0.269177,b
451,18,5,-4.33363,5.84541,4.13666,1,0,0,-0,0,1,0.829687,0.47979,0.0782733,b
452,18,1,-5.87183,2.83278,3.72934,0,0,1,2.22045e-16,1,-0,0.715563,0.388069,0.0216722,b
453,18,1,-3.76234,2.44531,3.9108,0,0,1,-1,2.22045e-16,0,0.902486,0.360278,0.0173845,b
