object_index,region_index,category_index,px,py,pz,a0x,a0y,a0z,a1x,a1y,a1z,r0,r1,r2,rT
440,24,0,19.5665,-1.03663,4.40534,1,0,0,0,1,0,2.73289,1.75754,1.49122,y
443,24,36,17.647,-1.13424,3.56963,-0.707107,0.707107,0,0.707107,0.707107,0,0.623769,0.346529,0.233241,y
446,24,9,21.3127,-0.984779,3.55043,2.22045e-16,1,0,-1,2.22045e-16,0,0.766122,0.30156,0.241047,y
447,24,39,19.4993,-0.959955,4.39265,1,0,0,0,1,0,2.65145,1.63511,1.51534,y
