object_index,region_index,category_index,px,py,pz,a0x,a0y,a0z,a1x,a1y,a1z,r0,r1,r2,rT
455,26,0,8.50059,1.75788,-1.61108,0,0,1,1,0,0,1.25455,0.84449,0.804938,h
457,26,1,8.74055,2.53411,-1.94036,0,0,1,1,0,0,0.917905,0.469812,0.0298046,h
458,26,1,9.32442,1.66635,-1.65069,0,0,1,0,1,-0,1.21026,0.438158,0.0210495,h
459,26,39,9.30628,1.16023,-2.49947,0,0,1,-0.382683,-0.92388,0,0.23989,0.0611767,0.0294911,h
460,26,38,8.4168,1.05079,-1.78734,0,0,1,-1,2.22045e-16,0,1.07125,0.454011,0.0977097,h
461,26,3,8.49911,1.76188,-2.83845,1,0,0,0,1,0,0.844661,0.801164,0.0319297,h
