object_index,region_index,category_index,px,py,pz,a0x,a0y,a0z,a1x,a1y,a1z,r0,r1,r2,rT
408,22,39,0.60288,2.87189,4.08823,1,0,0,0,1,0,3.42177,2.23509,1.4853,f
409,22,2,0.636058,2.87796,5.36338,1,0,0,0,1,0,3.3835,2.24555,0.225815,f
410,22,0,-2.21019,2.8903,4.22368,2.22045e-16,1,0,-0,0,1,2.22875,1.36909,0.623248,f
411,22,0,1.09036,4.90924,4.28884,1,0,0,-0,0,1,2.92919,1.29136,0.251218,f
412,22,120,3.63011,3.36696,3.44311,0,1,0,0,0,1,0.994812,0.541358,0.0837113,f
