object_index,region_index,category_index,px,py,pz,a0x,a0y,a0z,a1x,a1y,a1z,r0,r1,r2,rT
1181,50,0,-13.334,-5.33904,-2.1773,0,1,0,0,0,1,2.85137,1.25394,0.229688,s
1182,50,0,-10.9125,-5.32773,-2.25031,0,1,0,0,0,1,2.54017,1.29488,0.377378,s
1183,50,3,-12.089,-5.56813,-2.15388,0,1,0,1,-0,0,2.77036,1.47335,1.21828,s
1184,50,39,-11.9448,-6.28967,-2.24331,-0.382683,-0.92388,0,0,0,1,2.29738,1.30808,0.6278,s
1187,50,39,-10.9412,-7.16028,-0.520274,-0.382683,0.92388,0,0,0,1,1.3592,0.716676,0.421254,s
