object_index,region_index,category_index,px,py,pz,a0x,a0y,a0z,a1x,a1y,a1z,r0,r1,r2,rT
486,47,0,8.97798,12.033,0.55036,0,0,1,0,1,-0,0.517424,0.226632,0.0403557,s
487,47,262,8.95864,12.3978,1.73631,0,1,0,0,0,1,0.489384,0.166547,0.0465651,s
494,47,336,8.95478,12.6033,1.55276,0,1,0,0,0,1,0.74577,0.20057,0.0458198,s
495,47,0,8.94881,13.0909,1.68786,2.22045e-16,1,0,-0,0,1,0.0501652,0.0429989,0.0131121,s
1109,47,2,6.80829,12.6025,-0.871466,0,1,0,1,-0,0,0.822842,0.782047,0.047977,s
1110,47,0,7.53075,11.7926,-1.70447,0,0,1,-1,2.22045e-16,0,1.68132,1.48325,0.0557899,s
1111,47,0,7.0193,13.0893,0.91789,0,0,1,1,0,0,1.77854,0.820837,0.0493994,s
1112,47,0,7.14343,13.1778,-2.19588,0,0,1,1,0,0,1.38835,0.731565,0.149769,s
1117,47,30,6.86357,13.1723,-2.50061,0,0,1,1,0,0,1.04701,0.724912,0.0927696,s
