object_index,region_index,category_index,px,py,pz,a0x,a0y,a0z,a1x,a1y,a1z,r0,r1,r2,rT
0,0,0,-2.30359,-3.96655,1.46073,0,0,1,0,1,-0,1.47288,1.01263,0.717367,t
1,0,2,-2.41751,-3.9609,2.74559,0,1,0,1,-0,0,0.901418,0.535403,0.0332875,t
2,0,3,-2.32151,-3.93711,0.237405,0,1,0,1,-0,0,0.89874,0.62122,0.253988,t
3,0,1,-2.29603,-3.20742,1.21279,0,0,1,-1,2.22045e-16,0,1.21635,0.471526,0.0663364,t
4,0,309,-2.40784,-4.46429,0.290508,0,1,0,0,0,1,0.392419,0.305307,0.25635,t
5,0,5,-2.92032,-3.53322,1.58172,0,0,1,2.22045e-16,1,-0,0.569936,0.313807,0.0281007,t
6,0,39,-2.41402,-3.90315,1.37933,0,0,1,0,1,-0,1.39078,0.934293,0.545767,t
