object_index,region_index,category_index,px,py,pz,a0x,a0y,a0z,a1x,a1y,a1z,r0,r1,r2,rT
325,18,0,9.8082,-0.546991,1.30259,0,0,1,-0.92388,0.382683,0,1.30492,1.10176,0.569105,h
326,18,0,9.8948,0.207052,1.30596,0,0,1,0,1,-0,1.30691,1.03238,1.01671,h
327,18,43,9.92291,0.176923,2.60256,0,1,0,1,-0,0,1.013,0.915381,0.0163934,h
328,18,3,9.85171,0.0870895,0.0653333,2.22045e-16,1,0,-1,2.22045e-16,0,1.16047,0.971515,0.0694683,h
329,18,12,9.92398,1.17639,1.34684,0,0,1,-1,2.22045e-16,0,1.26223,0.915649,0.028904,h
330,18,39,9.79159,0.298314,1.22035,0,0,1,-1,2.22045e-16,0,1.22184,1.10788,1.07919,h
