object_index,region_index,category_index,px,py,pz,a0x,a0y,a0z,a1x,a1y,a1z,r0,r1,r2,rT
217,14,7,1.64645,12.2783,1.54372,0,0,1,2.22045e-16,1,-0,1.52616,1.01366,0.0923363,h
277,14,0,0.226698,13.7308,1.31457,0,1,0,1,-0,0,2.16824,1.51794,1.30881,h
278,14,2,0.278394,13.6688,2.5015,2.22045e-16,1,0,-1,2.22045e-16,0,2.10466,1.44968,0.12604,h
279,14,3,0.222239,13.7405,0.0663148,0,1,0,1,-0,0,2.13049,1.50583,0.0605619,h
280,14,39,0.533357,13.2807,1.30721,0.382683,0.92388,0,-0.92388,0.382683,0,2.18502,1.57166,1.29912,h
281,14,1,0.58972,11.7979,1.21913,0,0,1,1,0,0,1.2027,0.481303,0.0437021,h
282,14,1,-1.30408,14.6537,1.19594,0,0,1,0,1,-0,1.18343,0.390135,0.0318362,h
283,14,1,0.257934,14.5911,1.31783,0,0,1,0,1,-0,1.30191,1.1775,0.0462406,h
