object_index,region_index,category_index,px,py,pz,a0x,a0y,a0z,a1x,a1y,a1z,r0,r1,r2,rT
544,22,0,-0.491314,8.5967,4.80309,0,0,1,2.22045e-16,1,-0,1.37338,0.366222,0.049999,c
553,22,22,0.326794,8.45804,5.06702,-1,2.22045e-16,0,0,0,1,0.844139,0.706943,0.272043,c
554,22,1,0.775642,9.69602,4.73633,0,0,1,1,0,0,1.32514,0.41469,0.0938239,c
555,22,2,0.335788,9.00892,6.12473,-1,2.22045e-16,0,2.22045e-16,1,0,0.840003,0.797639,0.0679345,c
557,22,0,0.400035,8.84604,4.80395,0,0,1,0,1,-0,1.39164,0.995629,0.945591,c
559,22,39,0.405637,8.83257,4.8018,0,0,1,2.22045e-16,1,-0,1.39086,0.982443,0.935528,c
560,22,22,-0.234922,9.30106,5.14748,0,0,1,2.22045e-16,1,-0,0.719683,0.525589,0.290925,c
