object_index,region_index,category_index,px,py,pz,a0x,a0y,a0z,a1x,a1y,a1z,r0,r1,r2,rT
380,13,0,8.68297,4.02467,1.53424,0,0,1,0,1,-0,1.53885,1.44281,0.806313,a
381,13,16,8.61578,2.41932,1.76606,0,0,1,1,0,0,0.982452,0.847586,0.0767703,a
382,13,39,8.80665,3.90429,1.38965,2.22045e-16,1,0,-0,0,1,1.56174,1.40171,1.02362,a
383,13,21,9.19857,3.11982,0.967719,0,1,0,1,-0,0,0.516712,0.279991,0.197654,a
384,13,19,9.39416,3.12204,1.62209,0,0,1,0,1,-0,0.433315,0.304706,0.080873,a
385,13,2,8.67355,4.01078,2.9892,0,1,0,1,-0,0,1.3565,0.756786,0.11177,a
386,13,5,9.61536,4.008,1.81493,0,0,1,0,1,-0,0.664606,0.344298,0.181704,a
387,13,1,8.37145,2.71381,1.26718,0,0,1,1,0,0,1.25281,0.407966,0.0554562,a
389,13,15,9.30512,3.49496,1.09339,-0.382683,0.92388,0,0,0,1,0.212781,0.166349,0.12137,a
