object_index,region_index,category_index,px,py,pz,a0x,a0y,a0z,a1x,a1y,a1z,r0,r1,r2,rT
19,1,0,13.2647,-14.7596,3.85109,0,0,1,1,0,0,1.04432,0.462072,0.0938344,c
20,1,0,12.9329,-15.5216,4.17173,0,0,1,-0.707107,0.707107,0,1.35011,0.403353,0.183612,c
21,1,12,13.7072,-15.8125,4.18276,0,0,1,0,1,-0,1.36787,0.724988,0.62222,c
22,1,0,12.5643,-15.8597,3.97126,0,0,1,2.22045e-16,1,-0,0.983392,0.733307,0.0637922,c
23,1,39,13.5547,-15.6148,4.18888,0,0,1,2.22045e-16,1,-0,1.37463,0.865104,0.740859,c
24,1,1,12.8314,-15.1836,3.85505,0,0,1,2.22045e-16,1,-0,1.04367,0.425328,0.100477,c
25,1,3,13.3394,-15.3908,2.84506,0,1,0,1,-0,0,0.717958,0.56239,0.0382822,c
29,1,1064,12.5516,-16.0784,2.97237,2.22045e-16,1,0,-0,0,1,0.919451,0.121546,0.0210247,c
