object_index,region_index,category_index,px,py,pz,a0x,a0y,a0z,a1x,a1y,a1z,r0,r1,r2,rT
145,24,5,8.3608,-8.44544,1.3672,0,0,1,0,1,-0,0.581377,0.452632,0.101894,s
447,24,31,7.78834,-7.1834,1.88911,2.22045e-16,1,0,-0,0,1,1.5822,0.950874,0.531044,s
448,24,2,6.8278,-6.56204,3.79555,0,1,0,1,-0,0,2.00067,1.5095,1.42473,s
449,24,17,7.82111,-4.59464,3.5402,-1,2.22045e-16,0,0,0,1,0.506766,0.506664,0.149277,s
451,24,30,6.87021,-5.66913,1.48879,-1,2.22045e-16,0,0,0,1,0.511412,0.37414,0.0871997,s
452,24,31,6.81519,-5.13899,0.457894,-1,2.22045e-16,0,2.22045e-16,1,0,1.50535,0.572674,0.502442,s
