object_index,region_index,category_index,px,py,pz,a0x,a0y,a0z,a1x,a1y,a1z,r0,r1,r2,rT
176,9,0,5.69859,-15.8579,1.10766,0,0,1,-0.707107,-0.707107,0,1.1393,1.03104,0.531583,t
177,9,5,4.94955,-16.5743,1.5687,0,0,1,-0.707107,0.707107,0,0.536969,0.377618,0.0677409,t
178,9,2,5.64401,-15.9282,2.23812,-0.707107,-0.707107,0,-0.707107,0.707107,0,0.814554,0.439682,0.0312545,t
179,9,27,5.32762,-16.1854,0.375874,0,0,1,0.707107,0.707107,-0,0.403566,0.394204,0.269583,t
180,9,1,6.37303,-15.6768,0.997036,0,0,1,0.707107,0.707107,-0,1.02983,0.437397,0.0495072,t
181,9,7,6.50073,-15.0425,0.997242,0,0,1,-0.707107,0.707107,0,1.02694,0.467382,0.155869,t
182,9,39,5.75372,-15.9133,0.975539,0.92388,0.382683,0,-0,0,1,1.11523,1.01202,0.12794,t
183,9,3,5.82056,-15.7088,0.0932687,-0.707107,-0.707107,0,-0.707107,0.707107,0,1.0768,0.481233,0.1304,t
419,9,3,6.04132,-15.1449,2.91016,0.707107,0.707107,0,-0.707107,0.707107,0,2.71686,2.44401,0.117324,t
