object_index,region_index,category_index,px,py,pz,a0x,a0y,a0z,a1x,a1y,a1z,r0,r1,r2,rT
312,16,3,1.23206,-6.894,0.000550389,0.707107,0.707107,0,-0.707107,0.707107,0,3.31898,0.67869,0.0549326,h
313,16,0,1.20627,-6.93285,1.1974,0.707107,0.707107,0,-0,0,1,3.35827,1.25122,0.733159,h
314,16,2,1.22498,-6.89315,2.22585,0.707107,0.707107,0,-0.707107,0.707107,0,3.33152,0.673129,0.256738,h
315,16,39,1.16609,-6.89718,1.20674,0.707107,0.707107,0,-0,0,1,3.27782,1.24003,0.679522,h
316,16,1,0.761911,-7.95048,0.994774,0,0,1,0.707107,0.707107,-0,1.03648,0.432025,0.109809,h
317,16,1,1.9815,-6.89619,1.05301,0,0,1,-0.707107,-0.707107,0,1.06194,0.76063,0.0345712,h
