object_index,region_index,category_index,px,py,pz,a0x,a0y,a0z,a1x,a1y,a1z,r0,r1,r2,rT
437,23,3,7.89002,-15.6059,0.00846905,0.707107,0.707107,0,-0.707107,0.707107,0,0.661656,0.619817,0.0403385,h
439,23,7,8.42414,-15.9197,1.08799,0,0,1,0.707107,0.707107,-0,1.11194,0.509362,0.060886,h
440,23,1,8.35882,-15.1913,1.37425,0,0,1,-0.707107,0.707107,0,0.808546,0.529032,0.0647497,h
441,23,1,7.28423,-16.1628,1.01678,0,0,1,-0.707107,0.707107,0,0.964049,0.36237,0.116988,h
442,23,0,7.78922,-15.6566,1.08801,0,0,1,0.707107,0.707107,-0,1.11622,0.806457,0.613127,h
443,23,924,7.58358,-15.278,1.17696,0,0,1,-0.707107,-0.707107,0,0.998917,0.681625,0.159685,h
444,23,39,7.39299,-15.4387,1.08547,0,0,1,0.382683,0.92388,-0,0.894381,0.839054,0.262486,h
