object_index,region_index,category_index,px,py,pz,a0x,a0y,a0z,a1x,a1y,a1z,r0,r1,r2,rT
378,20,43,1.4845,-13.8072,5.26412,0.707107,0.707107,0,-0.707107,0.707107,0,1.88326,1.84877,0.166909,y
379,20,0,1.08008,-14.2223,3.93474,0.707107,0.707107,0,-0.707107,0.707107,0,2.47729,1.8564,1.49381,y
380,20,1,3.5234,-13.6357,3.86304,0,0,1,-0.382683,0.92388,0,1.05448,0.466761,0.11495,y
381,20,39,1.07839,-14.0542,3.93301,0.707107,0.707107,0,-0.707107,0.707107,0,1.84029,1.69622,1.48218,y
388,20,0,3.33345,-14.3866,4.16825,0,0,1,0.707107,0.707107,-0,1.34595,1.34083,0.270677,y
