object_index,region_index,category_index,px,py,pz,a0x,a0y,a0z,a1x,a1y,a1z,r0,r1,r2,rT
870,52,0,-2.54907,11.3536,4.27603,0,0,1,1,0,0,1.83893,0.641139,0.566576,s
873,52,39,-2.02538,11.1161,3.65019,0,0,1,-0.92388,0.382683,0,1.22388,0.442051,0.0748925,s
