object_index,region_index,category_index,px,py,pz,a0x,a0y,a0z,a1x,a1y,a1z,r0,r1,r2,rT
671,34,0,-9.85769,16.4222,4.84243,0,0,1,1,0,0,1.2085,0.855372,0.847644,t
673,34,2,-9.74888,16.3787,6.03719,0,1,0,1,-0,0,0.796277,0.710986,0.0166256,t
676,34,7,-10.4341,16.0469,4.72188,0,0,1,0,1,-0,1.09761,0.465168,0.156043,t
677,34,91,-9.6969,17.2252,5.10375,0,0,1,1,0,0,0.747995,0.521177,0.0867825,t
678,34,5,-9.71735,17.2654,5.13881,0,0,1,1,0,0,0.62188,0.401377,0.0525961,t
679,34,184,-10.4557,16.8968,4.51939,0,0,1,2.22045e-16,1,-0,0.0832856,0.0601978,0.00711918,t
680,34,98,-10.457,16.6327,4.72148,0,1,0,0,0,1,0.0677357,0.063158,0.00571537,t
