object_index,region_index,category_index,px,py,pz,a0x,a0y,a0z,a1x,a1y,a1z,r0,r1,r2,rT
487,38,3,-14.357,8.68349,2.4725,-1,2.22045e-16,0,0,0,1,1.42675,0.0811095,0.0353765,s
707,38,7,-13.8873,8.74878,3.84363,0,0,1,1,0,0,1.41058,0.939945,0.250288,s
708,38,67,-13.9001,8.74289,2.98623,1,0,0,0,1,0,0.812545,0.244287,0.125928,s
709,38,39,-14.6676,8.71334,3.80245,0,0,1,-0.707107,0.707107,0,0.739302,0.0734272,0.0153064,s
