object_index,region_index,category_index,px,py,pz,a0x,a0y,a0z,a1x,a1y,a1z,r0,r1,r2,rT
829,47,0,-13.9309,10.0978,5.90678,0,0,1,1,0,0,2.84879,1.59443,1.589,h
830,47,15,-14.8875,9.168,4.35019,0,0,1,0.707107,0.707107,-0,0.961204,0.481794,0.473116,h
831,47,1,-15.5248,10.1753,4.36065,0,0,1,2.22045e-16,1,-0,1.29687,0.913099,0.0578904,h
832,47,150,-14.9,11.1878,4.32272,0,0,1,-0.92388,0.382683,0,0.42649,0.22171,0.168244,h
833,47,1,-12.7114,9.38794,4.28313,0,0,1,-1,2.22045e-16,0,1.21793,0.40178,0.156779,h
834,47,1,-12.7256,10.9452,4.29886,0,0,1,-1,2.22045e-16,0,1.23038,0.412248,0.143253,h
835,47,39,-14.0374,10.0782,4.21585,0,0,1,1,0,0,1.45869,1.44628,1.38081,h
863,47,1,-12.3889,10.891,4.11324,0,0,1,0.382683,0.92388,-0,1.04262,0.169138,0.060512,h
