object_index,region_index,category_index,px,py,pz,a0x,a0y,a0z,a1x,a1y,a1z,r0,r1,r2,rT
382,19,903,0.519185,14.1499,4.64191,0,0,1,-1,2.22045e-16,0,1.36984,0.818738,0.484183,a
384,19,56,0.495208,16.9558,3.84208,-1,2.22045e-16,0,0,0,1,0.744798,0.514281,0.313677,a
385,19,2,0.45148,15.451,6.01935,2.22045e-16,1,0,-1,2.22045e-16,0,1.78078,0.738149,0.0438824,a
386,19,0,0.518441,15.8736,4.67707,0,1,0,0,0,1,1.4166,1.38407,1.00076,a
387,19,5,1.26935,16.242,4.9935,0,0,1,0,1,-0,0.808978,0.442873,0.0902172,a
388,19,19,0.594863,17.2349,5.16421,0,0,1,-1,2.22045e-16,0,0.691504,0.601643,0.0290775,a
389,19,39,0.545175,16.2092,4.63073,0,0,1,0,1,-0,1.32107,1.07703,0.961596,a
390,19,27,0.135147,15.1983,3.70863,1,0,0,-0,0,1,0.40193,0.389579,0.2431,a
391,19,21,0.492532,16.9584,4.17997,1,0,0,0,1,0,0.214593,0.171475,0.0880716,a
