object_index,region_index,category_index,px,py,pz,a0x,a0y,a0z,a1x,a1y,a1z,r0,r1,r2,rT
394,20,0,-1.14195,15.1571,4.52267,0,1,0,0,0,1,1.8462,1.51406,0.920492,c
395,20,1,-1.5044,16.5855,4.55981,0,0,1,1,0,0,1.24634,0.48744,0.162657,c
396,20,39,-1.22438,15.2882,4.524,0,1,0,0,0,1,1.64297,1.5154,0.834462,c
397,20,2,-1.15502,15.0415,5.86675,2.22045e-16,1,0,-1,2.22045e-16,0,1.69854,0.754849,0.201486,c
399,20,1,-0.484511,15.2597,4.60073,0,0,1,2.22045e-16,1,-0,1.2967,0.503437,0.119217,c
400,20,12,-1.64302,14.7952,4.3261,2.22045e-16,1,0,-1,2.22045e-16,0,0.794713,0.204577,0.0436959,c
