object_index,region_index,category_index,px,py,pz,a0x,a0y,a0z,a1x,a1y,a1z,r0,r1,r2,rT
897,58,0,-2.53685,4.15963,0.0907677,0,0,1,1,0,0,1.73305,0.691984,0.647277,s
898,58,67,-2.42043,4.12942,-1.34983,2.22045e-16,1,0,-1,2.22045e-16,0,0.516934,0.507918,0.29786,s
