object_index,region_index,category_index,px,py,pz,a0x,a0y,a0z,a1x,a1y,a1z,r0,r1,r2,rT
197,10,53,-9.00017,24.945,1.55853,0,0,1,-1,2.22045e-16,0,0.611424,0.340719,0.318362,s
198,10,67,-7.39576,24.2702,1.52728,2.22045e-16,1,0,-1,2.22045e-16,0,3.61923,2.00276,1.57786,s
199,10,53,-6.1176,22.9091,1.4601,0,0,1,2.22045e-16,1,-0,0.684797,0.2375,0.231226,s
200,10,53,-8.97421,22.7124,1.55003,0,0,1,0.382683,0.92388,-0,0.606677,0.495014,0.214783,s
201,10,39,-7.40935,24.1951,1.56777,2.22045e-16,1,0,-1,2.22045e-16,0,3.49697,1.99073,1.60421,s
202,10,53,-6.15974,24.7402,1.55121,0,0,1,-0.707107,0.707107,0,0.614978,0.293347,0.16832,s
