object_index,region_index,category_index,px,py,pz,a0x,a0y,a0z,a1x,a1y,a1z,r0,r1,r2,rT
659,37,19,-15.0754,15.6449,5.26926,0,0,1,1,0,0,0.495503,0.294265,0.0425196,c
700,37,2,-16.1656,13.783,6.84022,0,1,0,1,-0,0,1.9438,1.33389,0.178808,c
701,37,0,-16.1553,13.5543,5.18568,0,1,0,0,0,1,2.17414,1.61223,1.40056,c
702,37,1,-15.7526,15.4242,4.87875,0,0,1,1,0,0,1.27201,0.433554,0.154739,c
703,37,12,-17.1992,13.0548,4.2688,0,1,0,0,0,1,1.25326,0.643309,0.335467,c
704,37,22,-17.2691,13.0709,5.37384,0,1,0,0,0,1,1.24288,0.516617,0.252213,c
706,37,39,-15.5719,12.8125,6.95003,0,1,0,1,-0,0,0.200944,0.096664,0.0643358,c
