object_index,region_index,category_index,px,py,pz,a0x,a0y,a0z,a1x,a1y,a1z,r0,r1,r2,rT
498,26,1,-7.94411,16.7654,1.46285,0,0,1,-1,2.22045e-16,0,1.36263,0.421241,0.0434732,h
501,26,1,-4.75991,17.1085,1.53937,0,0,1,1,0,0,1.55181,1.12851,0.138865,h
503,26,129,-3.64619,15.7914,1.64648,0,0,1,-0.707107,0.707107,0,1.39165,0.822511,0.417008,h
504,26,1,-6.57395,16.5753,1.44106,0,0,1,-0.707107,0.707107,0,1.43635,0.545882,0.21786,h
506,26,1,-8.65997,16.4688,1.4384,0,0,1,2.22045e-16,1,-0,1.43769,0.449131,0.236084,h
508,26,4,-8.88092,15.2465,1.63287,0,0,1,2.22045e-16,1,-0,0.767186,0.667644,0.0359893,h
509,26,1,-7.03417,16.8772,1.39079,0,0,1,-1,2.22045e-16,0,1.29579,0.212381,0.0253801,h
510,26,0,-3.47554,11.6476,0.977276,0,0,1,-1,2.22045e-16,0,1.16892,0.266389,0.195649,h
