object_index,region_index,category_index,px,py,pz,a0x,a0y,a0z,a1x,a1y,a1z,r0,r1,r2,rT
609,31,5,-17.8733,27.2771,2.93449,0,0,1,0,1,-0,1.23462,0.95791,0.122929,z
610,31,0,-15.8025,27.2164,3.33835,1,0,0,0,1,0,2.02669,1.71302,1.64901,z
612,31,2,-16.1925,27.3158,4.59966,0,1,0,1,-0,0,1.59418,1.55875,0.397783,z
613,31,2,-14.2301,27.3672,4.24674,0,1,0,1,-0,0,1.51565,0.424457,0.0357432,z
614,31,39,-15.7825,27.2275,3.30263,1,0,0,0,1,0,2.01927,1.67591,1.60978,z
615,31,3,-15.8326,27.204,1.73348,1,0,0,0,1,0,2.07433,1.6848,0.0500696,z
616,31,1,-15.6113,25.7785,3.00125,0,0,1,1,0,0,1.31623,0.96883,0.0839558,z
618,31,0,-15.7077,25.6662,2.93687,0,0,1,1,0,0,1.23299,0.673224,0.122092,z
619,31,0,-15.5389,25.5847,2.94486,0,0,1,1,0,0,0.564785,0.522874,0.0234327,z
