object_index,region_index,category_index,px,py,pz,a0x,a0y,a0z,a1x,a1y,a1z,r0,r1,r2,rT
691,36,39,-11.6433,12.9066,4.95197,-0.707107,0.707107,0,0,0,1,2.48957,1.62153,1.19647,c
692,36,0,-10.677,13.5515,4.96421,0,1,0,1,-0,0,2.17559,2.04339,1.62639,c
693,36,22,-10.6675,12.0956,4.71235,0,0,1,-1,2.22045e-16,0,1.07748,0.708137,0.23827,c
694,36,1,-11.9723,15.3386,4.86816,0,0,1,1,0,0,1.25108,0.415506,0.125834,c
695,36,12,-9.26808,14.8152,4.31649,0,1,0,0,0,1,0.636741,0.59478,0.309214,c
696,36,2,-10.763,13.738,6.45613,2.22045e-16,1,0,-1,2.22045e-16,0,1.86635,1.78695,0.187012,c
697,36,22,-9.18181,14.3326,5.37505,0,1,0,0,0,1,1.1253,0.517201,0.218806,c
698,36,20,-12.1636,12.2539,4.61115,0,1,0,1,-0,0,0.388653,0.208695,0.0571556,c
