object_index,region_index,category_index,px,py,pz,a0x,a0y,a0z,a1x,a1y,a1z,r0,r1,r2,rT
710,39,0,-13.2529,21.3962,1.82603,0,0,1,1,0,0,1.47263,0.470457,0.412482,s
711,39,0,-13.0244,21.4035,1.85557,0,0,1,-1,2.22045e-16,0,1.67997,0.780824,0.450322,s
712,39,0,-12.3314,22.0945,2.05218,0,0,1,0.382683,0.92388,-0,1.48114,0.354899,0.14344,s
713,39,31,-13.141,21.3551,0.373761,-1,2.22045e-16,0,2.22045e-16,1,0,0.511206,0.401506,0.38829,s
714,39,3,-13.0159,22.0271,0.611885,1,0,0,0,1,0,0.675555,0.342266,0.0457147,s
715,39,2,-13.2028,21.3827,3.14961,1,0,0,0,1,0,0.443167,0.395246,0.068305,s
716,39,15,-12.4984,21.231,1.61332,0,0,1,0,1,-0,0.320914,0.255784,0.160569,s
717,39,35,-12.4187,21.2151,1.08287,0,0,1,2.22045e-16,1,-0,0.237112,0.159082,0.0602465,s
718,39,39,-12.6331,21.6941,3.25538,-0.382683,-0.92388,0,-0.92388,0.382683,0,0.826408,0.167609,0.149592,s
