object_index,region_index,category_index,px,py,pz,a0x,a0y,a0z,a1x,a1y,a1z,r0,r1,r2,rT
82,4,0,1.0224,14.2131,1.30525,0,0,1,0,1,-0,1.36334,0.859046,0.665388,t
83,4,7,0.398393,14.4551,1.21366,0,0,1,0,1,-0,1.27354,0.575689,0.143437,t
84,4,3,0.78818,14.2104,-0.0205716,0,1,0,1,-0,0,0.836174,0.526595,0.0467657,t
85,4,43,0.768351,14.1518,2.69552,2.22045e-16,1,0,-1,2.22045e-16,0,0.821782,0.454301,0.0897659,t
86,4,27,0.850684,13.7981,0.336525,0,0,1,0,1,-0,0.389497,0.388171,0.249445,t
87,4,39,0.457884,14.1931,1.29008,0,0,1,2.22045e-16,1,-0,1.35742,0.818599,0.0470749,t
393,4,60,0.495166,14.1826,3.37743,1,0,0,0,1,0,0.735917,0.488465,0.106711,t
