object_index,region_index,category_index,px,py,pz,a0x,a0y,a0z,a1x,a1y,a1z,r0,r1,r2,rT
681,35,0,-11.4221,16.4736,4.99731,0,0,1,0,1,-0,1.3595,0.840081,0.831632,h
682,35,0,-11.4414,15.6616,4.87707,0,0,1,-1,2.22045e-16,0,1.25888,0.863211,0.0429215,h
683,35,0,-10.7577,16.8294,4.71568,0,0,1,-0.382683,0.92388,0,1.07315,0.400075,0.0541302,h
684,35,0,-10.7143,16.47,4.84017,0,0,1,0,1,-0,1.20051,0.83749,0.199344,h
685,35,0,-10.5562,16.056,4.71619,0,0,1,0,1,-0,1.09072,0.431117,0.0919375,h
686,35,1,-11.0624,17.2774,4.71653,0,0,1,1,0,0,1.07306,0.361351,0.0709705,h
687,35,39,-11.3782,16.7177,4.84556,0,0,1,-1,2.22045e-16,0,1.20546,0.863607,0.565869,h
688,35,0,-11.9141,16.5463,5.34989,0,0,1,0,1,-0,0.940856,0.918831,0.33154,h
689,35,19,-12.177,17.1132,5.51608,0,0,1,2.22045e-16,1,-0,0.663079,0.218604,0.0647626,h
