object_index,region_index,category_index,px,py,pz,a0x,a0y,a0z,a1x,a1y,a1z,r0,r1,r2,rT
836,49,7,-12.3566,10.1869,5.24551,0,1,0,0,0,1,0.799204,0.377567,0.0660362,h
861,49,7,-12.3241,10.1501,4.35651,0,0,1,0,1,-0,1.28165,0.914506,0.141163,h
862,49,0,-11.7811,10.1423,5.57593,0,0,1,0,1,-0,2.5129,1.24613,0.649017,h
864,49,1,-12.3967,9.35147,4.14678,0,0,1,0,1,-0,1.08111,0.113536,0.0813618,h
