object_index,region_index,category_index,px,py,pz,a0x,a0y,a0z,a1x,a1y,a1z,r0,r1,r2,rT
892,57,0,-2.51764,6.346,0.342152,0,1,0,0,0,1,2.05146,1.471,0.688581,h
894,57,1,-2.77786,5.80225,0.191178,0,0,1,0,1,-0,1.27667,0.449718,0.10752,h
895,57,4,-1.91477,7.21867,0.54455,0,0,1,0,1,-0,0.693651,0.546216,0.0412633,h
896,57,3,-2.37275,6.30652,-1.04,0,1,0,1,-0,0,1.90745,0.5144,0.0634992,h
