object_index,region_index,category_index,px,py,pz,a0x,a0y,a0z,a1x,a1y,a1z,r0,r1,r2,rT
620,32,2,-16.2808,24.8482,4.17117,-1,2.22045e-16,0,2.22045e-16,1,0,1.29327,0.787936,0.0332868,a
621,32,0,-16.4112,24.7959,3.04581,1,0,0,-0,0,1,1.20344,1.13402,0.844112,a
622,32,45,-15.7803,24.832,2.95433,0,0,1,2.22045e-16,1,-0,1.22933,0.808956,0.805031,a
623,32,3,-16.8114,24.8158,1.85687,1,0,0,0,1,0,0.821817,0.810487,0.156646,a
624,32,12,-16.7853,24.3585,3.7619,1,0,0,-0,0,1,0.789732,0.420872,0.10463,a
625,32,5,-17.6194,24.8159,3.6098,0,0,1,2.22045e-16,1,-0,0.256144,0.255278,0.0894337,a
626,32,60,-15.6095,24.8143,1.8034,0,1,0,1,-0,0,0.789991,0.616948,0.0988846,a
627,32,91,-17.5943,24.812,3.58486,0,1,0,0,0,1,0.362098,0.337796,0.0686502,a
628,32,39,-15.7942,24.0607,3.37897,1,0,0,-0,0,1,0.117898,0.0126597,0.00536251,a
