object_index,region_index,category_index,px,py,pz,a0x,a0y,a0z,a1x,a1y,a1z,r0,r1,r2,rT
886,56,0,-2.38691,8.30386,0.355124,0,0,1,0.92388,0.382683,-0,1.5138,0.777595,0.38278,s
887,56,0,-2.80318,8.46777,0.354912,0,0,1,-0.707107,0.707107,0,1.44572,0.337237,0.330703,s
891,56,67,-2.39609,8.3367,-1.00271,-1,2.22045e-16,0,2.22045e-16,1,0,0.489305,0.221873,0.0989027,s
