object_index,region_index,category_index,px,py,pz,a0x,a0y,a0z,a1x,a1y,a1z,r0,r1,r2,rT
875,54,0,-2.36475,17.1266,4.13982,0,0,1,1,0,0,0.819877,0.656117,0.626925,s
876,54,31,-2.446,17.0727,3.59835,1,0,0,0,1,0,0.559909,0.532367,0.310622,s
