object_index,region_index,category_index,px,py,pz,a0x,a0y,a0z,a1x,a1y,a1z,r0,r1,r2,rT
542,28,0,-20.8022,29.4915,1.76164,-0.92388,-0.382683,0,0,0,1,2.37334,1.13252,0.410765,h
543,28,0,-19.8452,32.7722,1.78104,-1,2.22045e-16,0,0,0,1,1.22768,1.13049,0.617071,h
544,28,2,-20.9736,31.0737,2.92962,-0.92388,-0.382683,0,-0.382683,0.92388,0,2.73858,1.91356,0.0982792,h
545,28,0,-21.8325,32.4895,1.79317,-0.92388,-0.382683,0,0,0,1,1.98049,1.12289,0.349509,h
546,28,39,-21.0009,30.9708,0.779022,0,0,1,-0.707107,0.707107,0,0.0497138,0.0481931,0.0222825,h
547,28,0,-23.4156,30.08,0.908411,-0.382683,0.92388,0,-0.92388,-0.382683,0,1.1473,0.190985,0.165326,h
548,28,3,-20.9746,31.0744,0.717627,-0.92388,-0.382683,0,-0.382683,0.92388,0,2.75398,1.93588,0.111108,h
556,28,0,-18.7032,32.2317,1.77573,0,0,1,-0.92388,0.382683,0,1.12459,0.0897991,0.0516844,h
