object_index,region_index,category_index,px,py,pz,a0x,a0y,a0z,a1x,a1y,a1z,r0,r1,r2,rT
549,29,0,-18.6374,32.2097,1.0634,0,0,1,-0.382683,0.92388,0,0.36165,0.033782,0.00888541,s
550,29,31,-18.2231,31.1859,0.357323,-0.382683,0.92388,0,-0.92388,-0.382683,0,1.17523,0.774448,0.356616,s
551,29,2,-18.1959,31.2123,2.87312,-0.382683,0.92388,0,-0.92388,-0.382683,0,1.2158,0.808511,0.0376599,s
552,29,0,-17.9845,30.1241,1.44971,0,0,1,-0.92388,-0.382683,0,1.43923,0.646433,0.139922,s
554,29,3,-18.8134,32.1832,0.683265,-0.92388,-0.382683,0,-0.382683,0.92388,0,0.171682,0.04154,0.0325023,s
555,29,0,-18.401,32.2359,1.46313,0,0,1,-0.92388,-0.382683,0,1.4405,0.605148,0.118656,s
