object_index,region_index,category_index,px,py,pz,a0x,a0y,a0z,a1x,a1y,a1z,r0,r1,r2,rT
342,17,85,-15.5254,19.4374,0.450746,-0.382683,-0.92388,0,0,0,1,0.595785,0.46084,0.376748,e
343,17,2,-15.9375,21.6077,2.52214,0.707107,0.707107,0,-0.707107,0.707107,0,3.35914,2.18744,0.220254,e
344,17,0,-15.3183,20.9522,1.30846,0.707107,0.707107,0,-0,0,1,3.51581,1.32066,1.28535,e
345,17,7,-13.8687,21.3207,1.37581,0,0,1,0,1,-0,0.816082,0.237797,0.0998273,e
346,17,85,-13.4712,21.6773,0.555943,-0.382683,-0.92388,0,0,0,1,0.688654,0.561057,0.222585,e
347,17,39,-14.3416,21.3342,0.62432,-0.382683,-0.92388,0,-0.92388,0.382683,0,2.71891,0.783053,0.358155,e
348,17,3,-15.8843,21.5568,0.0623662,0.707107,0.707107,0,-0.707107,0.707107,0,3.36392,2.07692,0.0903434,e
349,17,7,-15.0662,19.6832,1.46826,0,0,1,0,1,-0,0.655679,0.0552521,0.0392561,e
350,17,85,-15.5583,19.0275,0.460027,0.707107,0.707107,0,-0,0,1,0.347702,0.187642,0.104015,e
