object_index,region_index,category_index,px,py,pz,a0x,a0y,a0z,a1x,a1y,a1z,r0,r1,r2,rT
426,22,39,-21.5721,33.9193,0.729282,0.92388,0.382683,0,-0.382683,0.92388,0,2.60398,0.927597,0.307798,z
427,22,2,-21.6849,34.0414,3.27091,-0.92388,-0.382683,0,-0.382683,0.92388,0,2.31435,1.32904,0.0593836,z
428,22,0,-21.7398,34.1344,1.87342,-0.92388,-0.382683,0,-0.382683,0.92388,0,2.6787,1.49858,1.44836,z
429,22,11,-20.5895,34.277,3.21023,-0.707107,0.707107,0,0.707107,0.707107,0,0.203412,0.202519,0.057753,z
430,22,104,-19.8437,33.3216,1.66425,0,0,1,-0.92388,-0.382683,0,1.01759,0.471177,0.223803,z
431,22,11,-22.992,33.7966,3.23797,1,0,0,0,1,0,0.468465,0.207449,0.0841266,z
432,22,3,-21.6174,34.1502,0.577899,-0.92388,-0.382683,0,-0.382683,0.92388,0,2.55469,1.39941,0.0513033,z
433,22,11,-21.6755,34.0322,3.18433,0.92388,0.382683,0,-0.382683,0.92388,0,0.207838,0.197276,0.0502379,z
