object_index,region_index,category_index,px,py,pz,a0x,a0y,a0z,a1x,a1y,a1z,r0,r1,r2,rT
406,22,2,-5.06196,-1.74904,4.25227,1,0,0,0,1,0,3.59139,1.21185,0.340129,e
408,22,0,-1.39074,-1.74202,2.57552,0,0,1,0,1,-0,2.07819,1.22757,0.110499,e
409,22,2,-0.376322,-0.466218,3.15821,0,1,0,1,-0,0,2.51401,1.01423,0.153076,e
410,22,0,-1.29862,1.55177,2.00591,2.22045e-16,1,0,-0,0,1,2.16832,1.76697,0.0892472,e
412,22,37,-3.03128,-2.9762,2.01309,0,0,1,-1,2.22045e-16,0,0.907041,0.425704,0.0396128,e
414,22,37,-4.37843,-2.9715,2.01247,0,0,1,-1,2.22045e-16,0,0.90768,0.836409,0.034826,e
415,22,0,0.956049,1.02299,2.0346,0,0,1,0,1,-0,1.56942,0.996449,0.274795,e
416,22,37,-3.92466,-2.96984,2.01311,0,0,1,-1,2.22045e-16,0,0.907032,0.46768,0.0370786,e
418,22,142,0.0190806,-2.5219,1.11327,0,0,1,0,1,-0,0.630814,0.248806,0.208668,e
