object_index,region_index,category_index,px,py,pz,a0x,a0y,a0z,a1x,a1y,a1z,r0,r1,r2,rT
297,16,2,-7.31733,-9.68681,2.86354,0,1,0,1,-0,0,1.50162,0.939255,0.165053,j
298,16,1,-6.35818,-8.59007,1.27568,0,0,1,2.22045e-16,1,-0,1.24059,0.400672,0.0415614,j
299,16,39,-7.19204,-9.69542,1.53096,0,1,0,0,0,1,1.51013,1.50016,1.04149,j
300,16,0,-7.24962,-9.70076,1.41763,0,1,0,0,0,1,1.53063,1.40152,1.11625,j
301,16,118,-7.52838,-10.5606,0.619181,1,0,0,-0,0,1,0.71268,0.58964,0.366371,j
302,16,21,-6.62421,-10.0964,0.745391,2.22045e-16,1,0,-0,0,1,0.946907,0.565845,0.270514,j
303,16,3,-7.34101,-9.69099,0.0718463,0,1,0,1,-0,0,1.5073,1.02362,0.0643541,j
304,16,1,-7.91033,-8.29889,1.29477,0,0,1,-1,2.22045e-16,0,1.2891,0.453533,0.107229,j
305,16,3,-7.11142,-11.1771,0.10123,1,0,0,-0,0,1,0.907365,0.0600002,0.0367393,j
