object_index,region_index,category_index,px,py,pz,a0x,a0y,a0z,a1x,a1y,a1z,r0,r1,r2,rT
440,26,3,-14.1669,11.8561,-1.72777,2.22045e-16,1,0,-1,2.22045e-16,0,1.41538,0.90409,0.104773,h
441,26,0,-15.0141,11.8479,-0.800077,2.22045e-16,1,0,-0,0,1,1.40437,0.988083,0.0708232,h
442,26,0,-14.1077,13.1446,-0.860725,1,0,0,-0,0,1,0.943721,0.937661,0.126867,h
443,26,39,-14.9424,13.1827,0.0341839,-0.92388,-0.382683,0,0,0,1,0.0426122,0.0336745,0.0104628,h
