object_index,region_index,category_index,px,py,pz,a0x,a0y,a0z,a1x,a1y,a1z,r0,r1,r2,rT
458,29,0,-5.00993,10.8118,-0.290463,0,0,1,0.707107,0.707107,-0,1.37268,1.06767,0.551315,c
460,29,3,-5.5433,11.1217,-1.57543,-1,2.22045e-16,0,2.22045e-16,1,0,0.933678,0.831106,0.125305,c
