object_index,region_index,category_index,px,py,pz,a0x,a0y,a0z,a1x,a1y,a1z,r0,r1,r2,rT
306,17,0,-8.89052,2.87575,0.789388,0,0,1,-1,2.22045e-16,0,0.841463,0.594398,0.227806,h
310,17,1,-8.38449,-6.67108,1.29263,0,0,1,0,1,-0,1.24035,0.653038,0.0204878,h
312,17,1,-9.48834,-9.91476,1.25585,0,0,1,0,1,-0,1.21185,0.587701,0.0245128,h
313,17,7,-9.83028,-11.9914,1.30404,0,0,1,1,0,0,1.22894,0.522298,0.0656161,h
314,17,49,-8.42186,-5.13719,1.52112,0,0,1,0,1,-0,0.42433,0.326412,0.0186319,h
315,17,7,-8.30556,-8.59711,1.26195,0,0,1,2.22045e-16,1,-0,1.23888,0.42433,0.0891261,h
317,17,49,-8.8901,-11.9143,1.48954,0,0,1,1,0,0,0.392763,0.287323,0.0234609,h
318,17,39,-8.90779,0.850358,0.923168,-0.382683,0.92388,0,0,0,1,2.2836,0.707683,0.400982,h
