object_index,region_index,category_index,px,py,pz,a0x,a0y,a0z,a1x,a1y,a1z,r0,r1,r2,rT
448,28,25,-1.76876,8.21983,-1.22119,0,1,0,0,0,1,1.03625,0.481189,0.435327,a
449,28,3,-2.33724,7.77452,-1.66515,0,1,0,1,-0,0,2.20901,1.01103,0.101355,a
451,28,15,-2.82969,9.68504,-0.443134,0,0,1,0.707107,0.707107,-0,0.368468,0.29302,0.225015,a
452,28,35,-2.79617,9.76815,-1.18017,0,0,1,-0.92388,0.382683,0,0.435954,0.222197,0.216578,a
453,28,6,-2.58527,6.13787,-1.20827,-0.707107,-0.707107,0,-0.707107,0.707107,0,0.494429,0.39616,0.305445,a
454,28,0,-2.27663,5.66335,-1.21375,1,0,0,-0,0,1,0.802744,0.552751,0.0965714,a
455,28,8,-2.82834,8.42157,-0.478573,0,0,1,1,0,0,0.392346,0.146254,0.0875688,a
456,28,8,-3.1402,6.51283,-0.192443,0,0,1,1,0,0,0.286763,0.180546,0.0727394,a
457,28,39,-3.13037,6.52896,-0.451294,-1,2.22045e-16,0,2.22045e-16,1,0,0.169997,0.0533953,0.0481261,a
