object_index,region_index,category_index,px,py,pz,a0x,a0y,a0z,a1x,a1y,a1z,r0,r1,r2,rT
444,27,3,-15.2335,10.1367,1.36761,0.382683,0.92388,0,-0.92388,0.382683,0,2.16732,1.10049,0.07434,z
445,27,2,-15.2552,10.1499,4.01632,0.382683,0.92388,0,-0.92388,0.382683,0,2.13331,1.13338,0.0511754,z
446,27,39,-13.7289,11.3398,2.68794,0,0,1,-0.382683,-0.92388,0,1.34572,0.271202,0.07151,z
447,27,0,-13.7631,11.3755,2.68836,0,0,1,-0.92388,0.382683,0,1.31545,0.100011,0.0830508,z
