object_index,region_index,category_index,px,py,pz,a0x,a0y,a0z,a1x,a1y,a1z,r0,r1,r2,rT
421,24,0,-10.5672,5.61549,-0.359463,0,0,1,-0.382683,0.92388,0,1.36886,1.10811,0.414303,h
422,24,0,-3.84803,4.41989,-0.54792,0,0,1,-1,2.22045e-16,0,1.19208,0.403908,0.0861387,h
431,24,0,-8.04843,5.57075,0.0033021,0,0,1,-1,2.22045e-16,0,0.741704,0.684054,0.0468655,h
433,24,3,-7.40668,5.37652,-1.7043,-1,2.22045e-16,0,2.22045e-16,1,0,3.95941,1.11398,0.0568447,h
