object_index,region_index,category_index,px,py,pz,a0x,a0y,a0z,a1x,a1y,a1z,r0,r1,r2,rT
283,14,67,4.76985,2.67409,0.321784,0,1,0,1,-0,0,1.00378,0.572681,0.405121,s
420,14,3,4.6752,2.25404,0.315109,0.92388,0.382683,0,-0.382683,0.92388,0,4.99563,4.62275,0.427837,s
