object_index,region_index,category_index,px,py,pz,a0x,a0y,a0z,a1x,a1y,a1z,r0,r1,r2,rT
434,25,219,-11.2106,8.16693,-0.506167,0,0,1,0,1,-0,1.22127,1.12974,0.138182,c
435,25,0,-10.7271,9.80487,-0.297523,0,0,1,1,0,0,1.38412,0.565964,0.488171,c
437,25,3,-10.7514,8.41156,-1.77835,2.22045e-16,1,0,-1,2.22045e-16,0,1.87127,0.592712,0.187611,c
438,25,6,-10.6035,9.59707,-0.819998,0,0,1,0,1,-0,0.851847,0.677685,0.444432,c
439,25,39,-10.7755,10.2065,-1.58756,0,0,1,-0.92388,0.382683,0,0.0550403,0.0424643,0.0136388,c
