object_index,region_index,category_index,px,py,pz,a0x,a0y,a0z,a1x,a1y,a1z,r0,r1,r2,rT
201,18,39,-0.0363145,8.8057,0.470233,0,1,0,1,-0,0,7.51869,0.862781,0.716771,h
202,18,0,-0.573065,8.91923,1.37183,0,1,0,1,-0,0,7.77522,1.70958,1.37811,h
203,18,3,0.0653119,9.35801,-0.0340164,2.22045e-16,1,0,-1,2.22045e-16,0,8.21137,0.915364,0.133024,h
