object_index,region_index,category_index,px,py,pz,a0x,a0y,a0z,a1x,a1y,a1z,r0,r1,r2,rT
246,22,0,-11.7247,-4.24097,1.292,-0.92388,0.382683,0,0,0,1,2.39355,1.96044,1.76467,S
247,22,3,-11.9229,-4.304,-0.711002,-0.707107,0.707107,0,0.707107,0.707107,0,1.90739,1.19641,0.139612,S
248,22,22,-11.0336,-4.98939,0.910389,-0.92388,0.382683,0,0,0,1,0.806105,0.603409,0.208621,S
249,22,41,-12.6214,-3.89968,-0.357063,-0.382683,0.92388,0,0.92388,0.382683,0,1.6897,1.13239,0.478484,S
250,22,12,-12.4186,-4.62203,0.828942,-1,2.22045e-16,0,0,0,1,1.00642,0.602091,0.155555,S
251,22,2,-10.7674,-4.80353,3.16817,-0.92388,0.382683,0,-0.382683,-0.92388,0,1.30897,0.87602,0.229735,S
252,22,247,-13.4557,-4.11773,0.103269,0.92388,0.382683,0,-0.382683,0.92388,0,0.332357,0.306707,0.206243,S
253,22,39,-13.2684,-3.46655,1.46776,0.92388,0.382683,0,-0,0,1,1.72634,1.70184,1.15965,S
254,22,6,-13.0868,-3.90932,-0.509315,-0.92388,0.382683,0,-0.382683,-0.92388,0,0.306029,0.250929,0.229358,S
