object_index,region_index,category_index,px,py,pz,a0x,a0y,a0z,a1x,a1y,a1z,r0,r1,r2,rT
197,17,2,-3.31613,1.28534,3.32433,-0.92388,-0.382683,0,0,0,1,1.80629,1.38095,1.18975,a
198,17,39,-2.1901,1.90339,2.56564,0,0,1,-0.707107,-0.707107,0,2.13965,0.463749,0.291856,a
199,17,0,-3.34722,1.23707,1.40056,-0.92388,-0.382683,0,0,0,1,1.67281,1.30383,1.18544,a
200,17,60,-3.96067,1.2302,0.272523,-0.382683,0.92388,0,0.92388,0.382683,0,1.00259,0.926325,0.146034,a
230,17,0,-3.74101,2.00379,1.29025,0.92388,0.382683,0,-0,0,1,1.79115,1.05801,0.631556,a
