object_index,region_index,category_index,px,py,pz,a0x,a0y,a0z,a1x,a1y,a1z,r0,r1,r2,rT
54,4,0,13.5994,3.02418,2.74266,-0.707107,0.707107,0,0,0,1,2.52222,2.1441,0.520972,s
56,4,39,15.0328,0.237404,1.96473,-0.382683,0.92388,0,0,0,1,2.52525,1.36304,0.860772,s
57,4,3,14.6434,0.0187286,2.62818,0.382683,0.92388,0,-0.92388,0.382683,0,1.31604,0.846581,0.125981,s
58,4,344,15.5759,-0.870005,2.96285,-0.382683,0.92388,0,-0.92388,-0.382683,0,1.32881,0.930233,0.364911,s
59,4,2,13.9526,0.580987,4.63512,-0.382683,0.92388,0,0.92388,0.382683,0,3.42026,1.32494,0.234739,s
60,4,180,14.0023,0.673771,2.65276,-0.382683,0.92388,0,-0.92388,-0.382683,0,0.494238,0.233338,0.183522,s
61,4,31,13.3782,2.15308,1.72293,-0.707107,0.707107,0,0,0,1,1.50324,0.96305,0.88995,s
