object_index,region_index,category_index,px,py,pz,a0x,a0y,a0z,a1x,a1y,a1z,r0,r1,r2,rT
17,1,2,7.53471,-1.8998,3.94372,0.707107,0.707107,0,-0.707107,0.707107,0,1.0889,0.805719,0.138122,s
18,1,31,7.3154,-2.20544,0.410549,0.707107,0.707107,0,-0.707107,0.707107,0,0.717329,0.706612,0.452193,s
19,1,0,7.56279,-1.78582,2.03422,0,0,1,-0.382683,-0.92388,0,2.04137,0.997318,0.844544,s
20,1,30,8.06303,-2.07007,1.34216,0,0,1,0.707107,0.707107,-0,0.490078,0.268324,0.0634651,s
21,1,3,7.86933,-1.40015,0.849226,-0.92388,0.382683,0,-0.382683,-0.92388,0,0.683243,0.481457,0.0154957,s
22,1,30,7.61547,-2.73651,1.24382,0.707107,0.707107,0,-0,0,1,0.413912,0.251951,0.0939472,s
23,1,39,7.26219,-2.26821,0.123112,-0.92388,0.382683,0,0.382683,0.92388,0,0.621289,0.385801,0.160949,s
