object_index,region_index,category_index,px,py,pz,a0x,a0y,a0z,a1x,a1y,a1z,r0,r1,r2,rT
162,13,3,-5.94044,24.9366,-0.411895,0.92388,0.382683,0,-0.382683,0.92388,0,2.7802,1.5695,0.584243,x
163,13,39,-7.35484,24.1508,-0.735287,-0.92388,0.382683,0,0,0,1,1.67616,0.25695,0.204761,x
