object_index,region_index,category_index,px,py,pz,a0x,a0y,a0z,a1x,a1y,a1z,r0,r1,r2,rT
236,27,269,-8.34996,-2.53243,0.760976,0.707107,0.707107,0,-0,0,1,1.97064,1.27762,0.476756,c
282,27,2,-8.55678,-2.81897,3.44519,-0.707107,-0.707107,0,-0.707107,0.707107,0,1.39784,0.441646,0.17342,c
283,27,0,-8.49559,-2.77051,0.847743,0.707107,0.707107,0,-0,0,1,1.52015,1.39299,0.412772,c
284,27,39,-7.72097,-2.03636,3.59894,-0.707107,-0.707107,0,-0.707107,0.707107,0,0.111225,0.104644,0.0226434,c
