object_index,region_index,category_index,px,py,pz,a0x,a0y,a0z,a1x,a1y,a1z,r0,r1,r2,rT
235,26,269,-6.16123,0.220419,0.97382,0.92388,0.382683,0,-0,0,1,1.60341,1.24541,0.388859,c
238,26,3,-5.91281,-0.120881,0.0786953,0.92388,0.382683,0,-0.382683,0.92388,0,6.14138,2.78334,0.680593,c
280,26,0,-5.91375,-0.0930857,1.32888,0.92388,0.382683,0,-0,0,1,1.44614,1.26202,0.60405,c
281,26,2,-5.98962,-0.269243,3.96652,0.92388,0.382683,0,-0.382683,0.92388,0,1.34444,0.519282,0.18532,c
