object_index,region_index,category_index,px,py,pz,a0x,a0y,a0z,a1x,a1y,a1z,r0,r1,r2,rT
153,12,67,10.2489,-4.87624,0.470686,0.707107,0.707107,0,-0.707107,0.707107,0,0.784494,0.726341,0.486552,s
154,12,30,10.5702,-5.25217,1.10693,0,0,1,-0.707107,-0.707107,0,1.0299,0.791503,0.21042,s
155,12,0,10.3599,-4.8227,1.95476,0,0,1,-0.707107,0.707107,0,1.97054,0.691774,0.625734,s
156,12,2,10.1284,-4.94433,3.91254,-0.707107,-0.707107,0,-0.707107,0.707107,0,0.793796,0.713177,0.100152,s
157,12,39,10.1463,-5.04965,1.97118,0,0,1,-0.707107,0.707107,0,1.98708,0.682372,0.613746,s
159,12,3,9.95398,-4.29515,0.876413,-0.707107,-0.707107,0,-0.707107,0.707107,0,0.528129,0.105972,0.0259547,s
160,12,3,9.82415,-5.24862,0.016064,-0.707107,0.707107,0,0.707107,0.707107,0,0.713176,0.375866,0.0387733,s
161,12,0,9.65451,-4.70538,0.0526513,-0.707107,0.707107,0,0,0,1,0.125729,0.0730454,0.0530448,s
