object_index,region_index,category_index,px,py,pz,a0x,a0y,a0z,a1x,a1y,a1z,r0,r1,r2,rT
262,24,0,-2.06988,-1.40605,2.12616,-0.382683,-0.92388,0,0,0,1,2.52769,2.19613,0.925513,h
270,24,2,-1.79146,-2.30397,3.54749,0,1,0,1,-0,0,1.70817,1.08,0.478532,h
271,24,0,-1.792,-2.67179,1.70695,0,1,0,0,0,1,2.08159,1.7456,1.08189,h
272,24,12,-0.945077,-2.01356,1.15425,0,0,1,-0.382683,0.92388,0,1.12275,0.504704,0.207556,h
273,24,39,-1.8019,-2.68506,1.98968,0,1,0,0,0,1,2.07125,2.03083,0.912527,h
274,24,164,-1.92903,-4.3601,1.04143,0,0,1,1,0,0,1.07646,0.532282,0.415659,h
275,24,1,-1.68584,-1.66825,1.11845,0,0,1,1,0,0,1.10769,0.774909,0.197688,h
276,24,8,-2.82936,-4.37911,1.53279,0,0,1,-0.382683,-0.92388,0,1.40396,0.247607,0.127132,h
277,24,3,-1.74387,-2.49733,0.183209,0,1,0,1,-0,0,1.80076,1.02623,0.22935,h
