object_index,region_index,category_index,px,py,pz,a0x,a0y,a0z,a1x,a1y,a1z,r0,r1,r2,rT
35,29,-1,3.078,1.64885,2.15975,-0.92388,0.382683,0,0.382683,0.92388,0,15.2816,12.0803,2.49972,x
289,29,0,3.65686,1.32547,1.97544,0,0,1,-1,2.22045e-16,0,2.1617,1.77354,1.16881,x
290,29,2,3.23793,1.11098,4.12407,-0.92388,0.382683,0,0.382683,0.92388,0,1.3702,0.483629,0.119512,x
