object_index,region_index,category_index,px,py,pz,a0x,a0y,a0z,a1x,a1y,a1z,r0,r1,r2,rT
278,25,3,-9.46641,-6.30781,0.930799,-0.707107,0.707107,0,0,0,1,2.03279,1.55071,0.822819,p
279,25,2,-8.92569,-6.2927,2.62523,-0.707107,0.707107,0,0,0,1,1.65107,0.545799,0.41725,p
