object_index,region_index,category_index,px,py,pz,a0x,a0y,a0z,a1x,a1y,a1z,r0,r1,r2,rT
179,15,129,2.4556,3.41422,1.11532,-0.382683,0.92388,0,0,0,1,1.34484,1.0908,0.549135,x
180,15,3,2.03969,5.28357,0.0363007,0,1,0,1,-0,0,2.82072,1.58322,0.429669,x
181,15,39,1.6055,5.1144,0.874429,-0.382683,0.92388,0,0,0,1,2.50923,1.2678,0.412919,x
182,15,0,0.972415,5.52749,2.37396,2.22045e-16,1,0,-1,2.22045e-16,0,2.20327,0.371122,0.112515,x
