object_index,region_index,category_index,px,py,pz,a0x,a0y,a0z,a1x,a1y,a1z,r0,r1,r2,rT
62,5,2,10.5758,4.46221,4.55256,-0.707107,0.707107,0,0.707107,0.707107,0,2.53991,1.51695,0.362612,p
63,5,0,9.59265,3.88408,2.53734,-0.382683,0.92388,0,0,0,1,2.56265,1.83521,0.888357,p
64,5,0,11.3773,5.50734,1.98339,-0.707107,0.707107,0,0,0,1,2.38287,1.38524,0.225599,p
65,5,3,10.6688,4.17737,0.821873,-0.707107,0.707107,0,0.707107,0.707107,0,2.12298,1.49677,0.240495,p
66,5,591,12.3121,3.13441,0.821411,0.707107,0.707107,0,-0.707107,0.707107,0,0.964933,0.256481,0.177467,p
67,5,39,9.99538,3.62416,1.60745,-0.707107,0.707107,0,-0.707107,-0.707107,0,1.96067,0.368184,0.250688,p
