object_index,region_index,category_index,px,py,pz,a0x,a0y,a0z,a1x,a1y,a1z,r0,r1,r2,rT
285,28,0,1.43089,1.87395,2.09899,0,0,1,2.22045e-16,1,-0,2.12409,1.04492,0.808709,p
286,28,16,1.36972,2.1211,0.885508,0,0,1,1,0,0,0.913463,0.694599,0.655518,p
287,28,3,1.40875,1.99418,-0.00883196,2.22045e-16,1,0,-1,2.22045e-16,0,1.08087,0.804827,0.125389,p
288,28,39,1.82858,1.82461,0.983133,0,0,1,0,1,-0,1.11735,0.886524,0.358946,p
