object_index,region_index,category_index,px,py,pz,a0x,a0y,a0z,a1x,a1y,a1z,r0,r1,r2,rT
412,24,654,5.81984,9.52391,7.8082,1,0,0,-0,0,1,3.2467,2.09162,0.660584,r
413,24,2,5.83313,8.11692,7.89903,1,0,0,0,1,0,3.28448,2.08727,2.07099,r
415,24,39,5.82775,8.03187,7.7624,1,0,0,-0,0,1,3.29216,2.10495,1.95584,r
416,24,105,5.84689,6.66807,6.90066,1,0,0,-0,0,1,3.27422,1.12005,0.642703,r
417,24,0,5.81751,7.9641,7.85549,1,0,0,-0,0,1,3.28192,2.11619,1.94397,r
420,24,654,4.26188,6.12146,6.97038,1,0,0,-0,0,1,1.65602,1.16805,0.0918064,r
