object_index,region_index,category_index,px,py,pz,a0x,a0y,a0z,a1x,a1y,a1z,r0,r1,r2,rT
92,5,2,5.69181,5.50864,-0.366821,0,1,0,1,-0,0,0.589769,0.409166,0.310086,s
93,5,31,7.06395,5.48487,-1.73083,-1,2.22045e-16,0,0,0,1,1.69168,1.27539,0.624786,s
94,5,0,7.05554,5.53555,-1.47113,1,0,0,-0,0,1,1.70332,1.52751,0.581204,s
97,5,39,7.21405,5.48046,-0.584428,-1,2.22045e-16,0,0,0,1,1.53129,0.630973,0.624801,s
