object_index,region_index,category_index,px,py,pz,a0x,a0y,a0z,a1x,a1y,a1z,r0,r1,r2,rT
472,28,8,0.933036,7.77817,2.74465,0,0,1,0,1,-0,2.92852,1.30336,0.825307,y
473,28,39,0.925526,7.77709,2.74881,0,0,1,0,1,-0,2.98844,1.29952,0.817374,y
