object_index,region_index,category_index,px,py,pz,a0x,a0y,a0z,a1x,a1y,a1z,r0,r1,r2,rT
369,21,1312,6.91319,8.12305,5.58964,2.22045e-16,1,0,-1,2.22045e-16,0,1.88849,1.22181,0.209711,S
371,21,0,6.95237,8.11847,4.25128,0,1,0,0,0,1,1.91564,1.47057,1.27783,S
373,21,39,6.4566,8.10977,4.96132,0,1,0,0,0,1,1.83087,0.850152,0.760622,S
374,21,1,7.40034,9.25609,3.85008,0,0,1,2.22045e-16,1,-0,1.03156,0.507334,0.0475919,S
419,21,14,5.90035,9.49845,6.16374,1,0,0,0,1,0,1.2391,0.627489,0.400117,S
421,21,3,5.84525,7.98134,5.83482,-1,2.22045e-16,0,2.22045e-16,1,0,3.24981,1.93688,0.138942,S
