object_index,region_index,category_index,px,py,pz,a0x,a0y,a0z,a1x,a1y,a1z,r0,r1,r2,rT
660,29,0,-12.473,8.86203,5.95005,0,0,1,-1,2.22045e-16,0,1.50334,1.07985,0.387898,h
661,29,1,-11.5223,9.08876,5.67253,0,0,1,0,1,-0,1.22564,0.487494,0.11961,h
662,29,0,-11.5457,9.65883,5.947,0,0,1,2.22045e-16,1,-0,1.51249,1.10802,0.181203,h
663,29,2,-12.4746,9.68804,7.50662,2.22045e-16,1,0,-1,2.22045e-16,0,1.11065,1.04254,0.279535,h
665,29,220,-12.4416,10.8791,5.94974,0,0,1,-1,2.22045e-16,0,1.51117,1.0684,0.19243,h
667,29,1,-12.9052,8.56552,5.6261,0,0,1,-1,2.22045e-16,0,1.18086,0.493586,0.0884366,h
668,29,39,-12.4403,9.58994,5.97837,0,0,1,1,0,0,1.47476,1.05759,1.00295,h
669,29,7,-12.4889,8.55677,5.6512,0,0,1,-1,2.22045e-16,0,1.2015,0.92259,0.0826426,h
