object_index,region_index,category_index,px,py,pz,a0x,a0y,a0z,a1x,a1y,a1z,r0,r1,r2,rT
686,35,0,1.78534,4.3219,-2.05893,-0.707107,0.707107,0,0,0,1,3.13693,1.33246,1.30369,x
687,35,3,1.69018,4.54821,-3.21986,-0.707107,0.707107,0,0.707107,0.707107,0,2.71935,1.15854,0.179711,x
688,35,7,1.24891,4.64732,-2.02113,0,0,1,-0.707107,0.707107,0,1.26007,0.870689,0.152903,x
689,35,12,-0.379996,6.13514,-2.85189,0,0,1,0,1,-0,0.459425,0.278326,0.130392,x
690,35,2,0.359759,6.05892,-3.09979,-0.382683,0.92388,0,0,0,1,0.339366,0.222922,0.159302,x
692,35,39,0.160616,4.86444,-1.21982,0.707107,0.707107,0,-0.707107,0.707107,0,0.376229,0.112675,0.0341645,x
