object_index,region_index,category_index,px,py,pz,a0x,a0y,a0z,a1x,a1y,a1z,r0,r1,r2,rT
461,23,0,-7.82423,-0.344401,5.69657,0,0,1,-0.92388,0.382683,0,1.26685,0.57393,0.151449,h
482,23,1,-12.48,8.50775,5.66292,0,0,1,-1,2.22045e-16,0,1.2154,0.922519,0.113483,h
483,23,1,-6.53713,3.00572,5.67347,0,0,1,0,1,-0,1.25784,0.663726,0.102469,h
484,23,7,-7.68553,-0.422286,5.78666,0,0,1,-0.92388,0.382683,0,1.37548,0.681589,0.156393,h
485,23,7,-12.4411,8.44933,5.80062,0,0,1,-1,2.22045e-16,0,1.35087,1.22067,0.141068,h
487,23,1,-6.96631,-0.103154,5.76519,0,0,1,-0.382683,-0.92388,0,1.35585,0.61684,0.0952809,h
670,23,0,-11.7462,8.50562,6.81461,1,0,0,0,1,0,0.16266,0.0313911,0.0261419,h
