object_index,region_index,category_index,px,py,pz,a0x,a0y,a0z,a1x,a1y,a1z,r0,r1,r2,rT
673,32,1,-19.4531,-0.348147,5.66313,0,0,1,-0.92388,0.382683,0,1.21722,0.450354,0.0742093,a
674,32,0,-20.0155,0.0203336,5.94058,2.22045e-16,1,0,-0,0,1,1.56179,1.55244,1.46107,a
675,32,5,-21.3817,-0.206382,6.19633,0,0,1,0,1,-0,0.936007,0.381301,0.0698357,a
676,32,12,-20.4745,-0.842941,5.0409,1,0,0,-0,0,1,0.615814,0.59649,0.348393,a
677,32,2,-20.4622,-0.487528,7.29533,1,0,0,0,1,0,0.973795,0.661707,0.099915,a
678,32,3,-20.3793,-0.0590275,4.48746,-0.707107,0.707107,0,0.707107,0.707107,0,1.38106,0.653732,0.0701363,a
