object_index,region_index,category_index,px,py,pz,a0x,a0y,a0z,a1x,a1y,a1z,r0,r1,r2,rT
683,34,0,-17.9824,10.6343,-1.7889,2.22045e-16,1,0,-1,2.22045e-16,0,4.38924,2.27522,1.90062,z
684,34,1,-19.1698,6.38709,-2.64927,0,0,1,-1,2.22045e-16,0,1.05077,0.496521,0.162496,z
685,34,39,-18.5592,6.85194,0.14583,-0.707107,-0.707107,0,0,0,1,0.126045,0.056983,0.0331702,z
