object_index,region_index,category_index,px,py,pz,a0x,a0y,a0z,a1x,a1y,a1z,r0,r1,r2,rT
489,24,71,-17.6379,1.97136,4.89964,0,1,0,0,0,1,1.20083,0.531599,0.141137,h
491,24,0,-17.5427,4.70609,5.95554,-0.382683,-0.92388,0,-0.92388,0.382683,0,5.00943,2.3765,1.5774,h
492,24,39,-18.0023,4.43371,5.98547,0.382683,0.92388,0,-0.92388,0.382683,0,4.58339,2.05192,1.5452,h
493,24,7,-18.0503,-0.00260776,5.86119,0,0,1,0.92388,0.382683,-0,1.42295,0.691144,0.258076,h
494,24,7,-15.1743,7.81551,5.8655,0.92388,0.382683,0,-0,0,1,1.76675,1.37375,0.197319,h
512,24,7,-18.2766,-0.13493,5.73068,0,0,1,-0.92388,-0.382683,0,1.28903,0.29054,0.0380051,h
549,24,0,-15.9313,7.53877,5.83364,0,0,1,0.92388,0.382683,-0,1.36742,0.980289,0.171985,h
