object_index,region_index,category_index,px,py,pz,a0x,a0y,a0z,a1x,a1y,a1z,r0,r1,r2,rT
697,40,8,-2.58554,-6.69474,0.714356,0,0,1,-0.707107,-0.707107,0,0.779194,0.52996,0.102071,x
