object_index,region_index,category_index,px,py,pz,a0x,a0y,a0z,a1x,a1y,a1z,r0,r1,r2,rT
138,7,0,-17.0972,2.23795,5.85869,2.22045e-16,1,0,-0,0,1,3.04092,1.6633,0.533783,s
139,7,31,-16.5596,2.36584,2.04129,0,1,0,0,0,1,2.69226,1.82714,1.06685,s
140,7,2,-16.5173,2.32504,7.46569,0,1,0,1,-0,0,2.6838,1.03715,0.0562956,s
141,7,0,-17.1056,2.19024,2.17144,2.22045e-16,1,0,-0,0,1,2.90049,2.13589,0.526022,s
142,7,39,-16.7237,2.38976,3.93188,0,0,1,0,1,-0,3.54326,2.89514,0.904059,s
143,7,0,-16.3653,4.5018,1.82,0,0,1,-0.707107,0.707107,0,1.5331,0.952698,0.288787,s
144,7,0,-16.2383,1.75918,1.55007,0,1,0,0,0,1,2.36045,1.53544,0.773818,s
490,7,2,-16.8587,4.4499,7.44436,-0.382683,-0.92388,0,-0.92388,0.382683,0,4.76376,1.56103,0.0422513,s
495,7,3,-16.3681,4.43026,5.6724,0.707107,0.707107,0,-0.707107,0.707107,0,4.87624,2.30868,1.24907,s
