object_index,region_index,category_index,px,py,pz,a0x,a0y,a0z,a1x,a1y,a1z,r0,r1,r2,rT
693,36,0,-16.14,-2.44405,1.55918,-0.707107,0.707107,0,0,0,1,1.89245,1.5459,0.729853,z
694,36,1,-16.3169,-2.31014,1.56508,0,0,1,0.92388,0.382683,-0,1.55529,0.609137,0.198574,z
