object_index,region_index,category_index,px,py,pz,a0x,a0y,a0z,a1x,a1y,a1z,r0,r1,r2,rT
618,31,35,-13.8184,11.0808,5.68176,0,0,1,-0.707107,0.707107,0,0.388949,0.203277,0.162984,c
643,31,427,-13.8567,11.0549,6.10276,0,0,1,-0.707107,0.707107,0,0.772939,0.19855,0.182504,c
664,31,0,-13.5078,9.70834,5.94529,0,0,1,2.22045e-16,1,-0,1.50626,1.11508,0.0466919,c
