object_index,region_index,category_index,px,py,pz,a0x,a0y,a0z,a1x,a1y,a1z,r0,r1,r2,rT
679,33,0,-19.1778,5.00388,5.94747,2.22045e-16,1,0,-0,0,1,1.59219,1.55524,1.46387,a
680,33,2,-20.1154,5.49925,7.2254,2.22045e-16,1,0,-1,2.22045e-16,0,0.773796,0.445542,0.253658,a
681,33,3,-19.5991,5.01635,4.49516,0,1,0,1,-0,0,1.54622,0.920814,0.0734324,a
