object_index,region_index,category_index,px,py,pz,a0x,a0y,a0z,a1x,a1y,a1z,r0,r1,r2,rT
466,22,0,-2.64121,-3.10207,5.90808,0,0,1,1,0,0,1.5116,0.36855,0.29546,a
467,22,0,-4.6578,-1.01886,5.92363,0,0,1,-0.707107,-0.707107,0,1.53874,1.34504,0.263039,a
469,22,2,-3.23253,-2.90608,7.52923,1,0,0,0,1,0,0.77862,0.449389,0.1612,a
471,22,7,-4.80728,-2.72934,5.6291,0,0,1,-0.707107,0.707107,0,1.2254,0.524916,0.178313,a
472,22,22,-5.24125,-1.90424,5.8525,0,0,1,1,0,0,1.44001,0.439177,0.209137,a
475,22,39,-3.6663,-3.12466,5.88057,0,0,1,-0.92388,-0.382683,0,1.50419,0.796879,0.229261,a
476,22,0,-4.28879,-3.57331,6.65733,0,0,1,0.707107,0.707107,-0,0.665381,0.0676278,0.0260247,a
477,22,1453,-4.64005,-3.10153,6.58526,0,0,1,-0.707107,0.707107,0,0.199639,0.0499943,0.021164,a
