object_index,region_index,category_index,px,py,pz,a0x,a0y,a0z,a1x,a1y,a1z,r0,r1,r2,rT
573,30,19,-8.24881,10.444,6.0701,2.22045e-16,1,0,-0,0,1,0.892284,0.632333,0.121305,c
601,30,1090,-9.40687,11.3477,5.67839,0,0,1,1,0,0,1.25679,0.71335,0.156928,c
609,30,427,-11.0578,11.0343,6.07479,0,0,1,-0.707107,0.707107,0,0.746495,0.179933,0.177417,c
