object_index,region_index,category_index,px,py,pz,a0x,a0y,a0z,a1x,a1y,a1z,r0,r1,r2,rT
421,10,0,-0.202989,4.03422,-3.25184,0,1,0,1,-0,0,1.23127,0.993786,0.672509,s
422,10,77,-0.187076,4.03399,-3.42502,0,1,0,1,-0,0,1.23932,0.906487,0.555598,s
