object_index,region_index,category_index,px,py,pz,a0x,a0y,a0z,a1x,a1y,a1z,r0,r1,r2,rT
522,23,0,47.1186,-18.5864,1.22415,2.22045e-16,1,0,-0,0,1,1.46531,1.21323,0.0708847,h
523,23,2,45.5093,-18.7786,2.41987,-1,2.22045e-16,0,2.22045e-16,1,0,1.61995,1.09847,0.0264015,h
524,23,29,45.3251,-18.7469,1.22709,0,0,1,0.92388,0.382683,-0,1.19111,0.266473,0.130049,h
525,23,3,45.4826,-18.4817,0.0313293,-1,2.22045e-16,0,2.22045e-16,1,0,1.65779,1.38087,0.0849654,h
526,23,1,46.202,-17.0572,1.10202,0,0,1,-1,2.22045e-16,0,1.12375,0.973793,0.164769,h
528,23,39,46.3633,-17.8852,1.21393,0,0,1,0.707107,0.707107,-0,1.21852,1.18928,0.446127,h
