object_index,region_index,category_index,px,py,pz,a0x,a0y,a0z,a1x,a1y,a1z,r0,r1,r2,rT
511,21,1,-11.5249,3.36625,1.23923,0,0,1,0.707107,0.707107,-0,0.762908,0.259422,0.0884387,h
512,21,0,-9.66343,2.84589,1.18226,0,0,1,-0.92388,0.382683,0,1.06321,0.342553,0.130771,h
513,21,3,-10.3656,2.68229,0.266975,-0.92388,0.382683,0,0.382683,0.92388,0,1.46002,0.543987,0.164423,h
514,21,2,-11.107,2.93506,2.73526,-1,2.22045e-16,0,2.22045e-16,1,0,0.823095,0.574697,0.118708,h
515,21,39,-10.4949,2.49429,0.745125,-0.707107,0.707107,0,0.707107,0.707107,0,0.299827,0.246556,0.190698,h
516,21,7,-9.21212,2.49665,1.21027,0,0,1,-0.382683,0.92388,0,1.06795,0.396912,0.179829,h
517,21,39,-9.43352,2.80449,0.419309,0,0,1,1,0,0,0.281692,0.13708,0.0356196,h
