object_index,region_index,category_index,px,py,pz,a0x,a0y,a0z,a1x,a1y,a1z,r0,r1,r2,rT
529,24,2,53.6794,-3.09725,2.71714,-0.92388,0.382683,0,0.382683,0.92388,0,2.2921,2.01655,0.0841949,z
530,24,5,55.4611,-4.44105,1.69765,0,0,1,2.22045e-16,1,-0,0.786509,0.440254,0.0761318,z
531,24,3,53.8349,-3.32829,0.0966994,-0.92388,0.382683,0,0.382683,0.92388,0,2.10722,1.93251,0.146471,z
532,24,0,55.5228,-3.57495,1.41002,2.22045e-16,1,0,-0,0,1,1.71166,1.38848,0.249588,z
533,24,39,53.304,-2.93451,2.70255,-0.382683,0.92388,0,0,0,1,0.778263,0.0696099,0.0544096,z
534,24,17,55.4233,-4.47813,1.69772,0,0,1,2.22045e-16,1,-0,0.806527,0.511451,0.111298,z
