object_index,region_index,category_index,px,py,pz,a0x,a0y,a0z,a1x,a1y,a1z,r0,r1,r2,rT
292,11,0,-5.12269,-1.3996,1.95872,0,0,1,-1,2.22045e-16,0,2.29576,1.18403,0.213088,p
293,11,740,-5.24668,0.978739,1.99899,2.22045e-16,1,0,-0,0,1,2.28037,2.1278,1.38892,p
294,11,15,-5.4103,1.12357,2.99119,0,0,1,0,1,-0,3.12119,2.44321,1.54472,p
295,11,1019,-3.96407,0.436881,3.7924,2.22045e-16,1,0,-0,0,1,1.59099,0.397626,0.0841098,p
296,11,17,-4.03988,0.947508,1.22939,0,0,1,0,1,-0,1.32664,1.20741,0.191118,p
297,11,0,-4.21399,3.40574,4.86586,0,0,1,1,0,0,1.09079,0.306389,0.13449,p
298,11,43,-4.54117,0.858647,6.67556,2.22045e-16,1,0,-0,0,1,2.60301,0.914583,0.65779,p
299,11,39,-5.69962,0.87519,1.99415,0,0,1,-0.382683,0.92388,0,2.14493,1.94989,1.32875,p
300,11,3,-5.59682,0.664799,-0.0834106,0,1,0,1,-0,0,1.94869,1.43691,0.258657,p
