object_index,region_index,category_index,px,py,pz,a0x,a0y,a0z,a1x,a1y,a1z,r0,r1,r2,rT
236,7,5,9.85732,2.44714,4.23484,0,0,1,0,1,-0,0.961654,0.222017,0.0459313,s
237,7,5,9.85703,0.417926,4.19607,0,0,1,0,1,-0,0.962431,0.439599,0.055861,s
238,7,1117,9.25714,0.127419,1.74539,0,1,0,0,0,1,2.53501,1.59466,0.623375,s
239,7,5,9.84075,1.55488,4.2344,0,0,1,0,1,-0,0.994877,0.534836,0.0571966,s
240,7,0,8.61166,0.102328,2.45102,2.22045e-16,1,0,-0,0,1,2.515,2.28868,0.0949273,s
241,7,0,9.74874,0.00587094,1.75256,2.22045e-16,1,0,-0,0,1,2.42178,1.5998,0.203595,s
242,7,1614,9.80599,1.16457,4.26513,2.22045e-16,1,0,-0,0,1,1.4538,1.03536,0.0975828,s
243,7,39,9.81267,1.31973,4.47998,0,1,0,0,0,1,1.3427,0.781989,0.0775313,s
