object_index,region_index,category_index,px,py,pz,a0x,a0y,a0z,a1x,a1y,a1z,r0,r1,r2,rT
260,9,0,-1.21679,-3.90314,1.86164,1,0,0,0,1,0,2.87397,2.33968,2.13495,p
261,9,3,-2.69401,-3.87255,0.37757,1,0,0,0,1,0,2.4467,2.28844,0.517625,p
262,9,15,1.02912,-2.86628,0.338923,0,1,0,1,-0,0,1.19061,0.610053,0.546149,p
263,9,477,-4.0509,-5.05109,0.0577788,1,0,0,0,1,0,0.984527,0.299286,0.177756,p
264,9,48,0.586869,-3.9816,0.0404377,1,0,0,0,1,0,1.01164,0.357575,0.319593,p
265,9,48,0.487489,-2.73639,-0.0809034,2.22045e-16,1,0,-1,2.22045e-16,0,1.0281,0.299919,0.200862,p
