object_index,region_index,category_index,px,py,pz,a0x,a0y,a0z,a1x,a1y,a1z,r0,r1,r2,rT
249,9,0,-12.2556,12.3191,1.47517,0,0,1,1,0,0,1.5888,0.999813,0.062952,x
250,9,0,-11.202,13.1894,1.6271,0,0,1,0,1,-0,1.02362,0.109217,0.0717282,x
251,9,286,-8.28053,12.866,1.42579,-0.92388,0.382683,0,0,0,1,1.58463,1.40142,0.137296,x
252,9,39,-8.26989,12.9055,1.27921,-0.92388,0.382683,0,0,0,1,1.59142,1.39284,0.0967909,x
