object_index,region_index,category_index,px,py,pz,a0x,a0y,a0z,a1x,a1y,a1z,r0,r1,r2,rT
508,20,0,6.02471,2.9036,1.55943,0,0,1,0,1,-0,1.51943,1.18564,0.70321,h
509,20,1,5.34555,2.86134,1.2751,0,0,1,2.22045e-16,1,-0,1.234,0.420846,0.0178909,h
510,20,1,5.52127,3.61938,1.34933,0,0,1,2.22045e-16,1,-0,1.29348,0.447646,0.170025,h
511,20,2,6.01904,2.88637,3.03287,0,1,0,1,-0,0,1.12254,0.677806,0.0738858,h
512,20,7,5.37647,2.6677,1.34152,0,0,1,2.22045e-16,1,-0,1.29544,0.828478,0.0355558,h
513,20,7,6.73167,2.93025,1.30297,0,0,1,0,1,-0,1.24992,0.803346,0.0518999,h
515,20,39,5.477,2.91541,1.29411,0,0,1,2.22045e-16,1,-0,1.23326,0.483562,0.125356,h
516,20,3,6.05729,2.90041,0.08086,2.22045e-16,1,0,-1,2.22045e-16,0,1.13274,0.725007,0.0465285,h
517,20,195,5.34102,2.12461,1.50995,2.22045e-16,1,0,-0,0,1,0.103203,0.0714604,0.0127027,h
