object_index,region_index,category_index,px,py,pz,a0x,a0y,a0z,a1x,a1y,a1z,r0,r1,r2,rT
230,7,0,1.82106,4.3709,2.46341,0,0,1,-1,2.22045e-16,0,2.55131,0.699243,0.370569,x
231,7,0,3.46191,3.54203,1.99671,0,0,1,0.382683,0.92388,-0,2.10911,1.93645,0.946135,x
232,7,891,2.86162,3.6505,0.741328,0,1,0,1,-0,0,1.83429,1.33595,0.852356,x
233,7,43,2.8039,2.07031,4.22136,-1,2.22045e-16,0,2.22045e-16,1,0,0.422276,0.231894,0.141414,x
234,7,38,2.89274,3.51135,1.93799,0,0,1,0.707107,0.707107,-0,1.88769,1.78009,0.62361,x
235,7,43,2.64172,2.10198,2.78053,1,0,0,-0,0,1,0.529889,0.271084,0.25989,x
236,7,3,2.50454,3.65267,0.0293311,2.22045e-16,1,0,-1,2.22045e-16,0,1.83646,1.29673,0.164537,x
237,7,43,3.29257,2.91465,4.17695,-1,2.22045e-16,0,2.22045e-16,1,0,0.508937,0.204915,0.0712297,x
238,7,39,2.7771,3.87614,2.03159,0,0,1,1,0,0,2.14396,1.43142,0.869479,x
