object_index,region_index,category_index,px,py,pz,a0x,a0y,a0z,a1x,a1y,a1z,r0,r1,r2,rT
684,28,0,1.97569,5.53338,2.41322,0.707107,0.707107,0,-0.707107,0.707107,0,5.43905,2.6771,2.51411,p
685,28,1,-1.2296,2.07562,1.25242,0,0,1,-0.707107,0.707107,0,1.25791,0.540165,0.134849,p
686,28,210,4.55978,7.82374,1.39232,0,1,0,0,0,1,2.65528,1.3721,0.104071,p
687,28,2,0.0281335,2.85128,4.24832,1,0,0,0,1,0,1.73853,1.06614,0.0355687,p
688,28,1,1.30902,2.06104,1.266,0,0,1,0.707107,0.707107,-0,1.2712,0.507779,0.143689,p
689,28,39,-0.258498,4.03285,1.10268,-0.707107,0.707107,0,0,0,1,2.63787,1.18598,0.540333,p
690,28,3,-0.0281267,7.68653,0.0451326,0,1,0,1,-0,0,5.91783,4.17983,0.167156,p
707,28,0,-1.06759,3.88013,2.11229,0,0,1,0,1,-0,2.17122,0.347579,0.0356547,p
