object_index,region_index,category_index,px,py,pz,a0x,a0y,a0z,a1x,a1y,a1z,r0,r1,r2,rT
902,32,0,24.6038,-13.2639,1.65055,0,1,0,0,0,1,1.99952,1.59234,0.209543,s
903,32,77,24.9903,-13.0095,1.57509,2.22045e-16,1,0,-0,0,1,2.39792,1.54475,0.660768,s
904,32,3,25.0686,-11.0163,-0.0577928,1,0,0,0,1,0,0.66348,0.497845,0.164634,s
905,32,730,24.7075,-12.9225,2.0649,2.22045e-16,1,0,-0,0,1,1.46201,1.12784,0.0689373,s
906,32,193,25.5726,-13.32,1.64689,0,1,0,0,0,1,2.05569,1.60013,0.223766,s
907,32,39,24.992,-12.9413,1.35354,0,1,0,0,0,1,2.43343,1.56458,0.596951,s
