object_index,region_index,category_index,px,py,pz,a0x,a0y,a0z,a1x,a1y,a1z,r0,r1,r2,rT
205,63,45,1.01155,-18.1748,5.23661,0,0,1,0,1,-0,1.26525,0.728591,0.0470536,y
1799,63,500,1.05294,-18.1918,4.91,0,0,1,2.22045e-16,1,-0,0.990226,0.744099,0.133029,y
1800,63,7,3.59478,-16.2389,4.72193,0,0,1,1,0,0,1.22931,0.898394,0.194395,y
1801,63,0,4.61274,-16.9735,4.04581,0,1,0,0,0,1,0.737232,0.560057,0.173132,y
1802,63,39,3.06107,-18.2261,4.76219,0.92388,0.382683,0,-0,0,1,2.18409,1.26489,0.90743,y
