object_index,region_index,category_index,px,py,pz,a0x,a0y,a0z,a1x,a1y,a1z,r0,r1,r2,rT
1787,62,143,13.9513,-29.1983,3.98469,1,0,0,-0,0,1,2.20859,0.611864,0.124927,p
1790,62,0,19.0716,-28.1713,1.61862,-1,2.22045e-16,0,0,0,1,2.03059,1.80417,0.473241,p
1791,62,39,19.5145,-29.0273,1.35765,0,0,1,0.382683,0.92388,-0,0.632517,0.362975,0.0871974,p
1792,62,105,16.6248,-28.2512,3.92982,0,0,1,0,1,-0,0.555592,0.489408,0.115376,p
1793,62,773,18.5892,-29.2616,1.38768,0,0,1,-0.92388,0.382683,0,0.647987,0.281041,0.10036,p
1795,62,773,18.1218,-27.9582,2.02976,0,0,1,1,0,0,0.268967,0.26812,0.0221224,p
1796,62,3,20.7984,-30.4899,-0.143934,1,0,0,0,1,0,3.48225,2.38367,0.183818,p
1797,62,39,17.0114,-27.7772,4.70528,0,0,1,1,0,0,0.551242,0.260002,0.086998,p
