object_index,region_index,category_index,px,py,pz,a0x,a0y,a0z,a1x,a1y,a1z,r0,r1,r2,rT
512,54,5,11.6209,-21.2266,1.20212,0,0,1,0,1,-0,1.06263,0.765482,0.0390282,h
1578,54,2,10.524,-20.923,2.84618,2.22045e-16,1,0,-1,2.22045e-16,0,1.20759,0.906271,0.197449,h
1579,54,69,9.38895,-20.9784,1.76363,0,1,0,0,0,1,1.21739,1.11861,0.0437489,h
1580,54,0,10.651,-20.8499,1.37414,0,1,0,0,0,1,1.37192,1.3543,1.04144,h
1581,54,1,11.1367,-21.1899,1.34531,0,0,1,0,1,-0,1.31953,0.940355,0.533836,h
1582,54,14,9.98358,-21.6875,0.387954,0,0,1,-0.92388,0.382683,0,0.367209,0.292473,0.281951,h
1583,54,39,10.4537,-20.8572,1.45407,0,0,1,0,1,-0,1.4333,1.38185,1.16766,h
1584,54,1617,9.94283,-21.7758,0.884611,-0.382683,0.92388,0,0,0,1,0.169504,0.156719,0.144104,h
1585,54,3,10.6762,-20.7799,0.0988991,0,1,0,1,-0,0,1.3064,1.01288,0.119702,h
