object_index,region_index,category_index,px,py,pz,a0x,a0y,a0z,a1x,a1y,a1z,r0,r1,r2,rT
785,27,0,-3.19153,-17.5254,1.29488,0,0,1,1,0,0,1.2623,0.574017,0.206595,h
788,27,3,-3.24191,-16.4558,0.162448,0,1,0,1,-0,0,1.36157,0.749812,0.169857,h
789,27,0,-2.57883,-16.4644,1.29379,0,0,1,2.22045e-16,1,-0,1.26602,1.22152,0.0944841,h
790,27,0,-3.27968,-15.2591,1.28779,0,0,1,1,0,0,1.26473,0.689422,0.173906,h
791,27,7,-3.35048,-17.7463,1.27327,0,0,1,1,0,0,1.23809,0.430326,0.0973272,h
792,27,10,-2.69642,-15.3139,0.337542,0,0,1,0,1,-0,0.31419,0.171365,0.100811,h
794,27,195,-2.62549,-17.0506,1.47947,2.22045e-16,1,0,-0,0,1,0.101739,0.0763155,0.0166932,h
1368,27,7,-3.40467,-17.7749,1.25317,0,0,1,-1,2.22045e-16,0,1.21593,0.458603,0.105054,h
