object_index,region_index,category_index,px,py,pz,a0x,a0y,a0z,a1x,a1y,a1z,r0,r1,r2,rT
432,16,2,-4.03984,15.5031,2.52189,-1,2.22045e-16,0,2.22045e-16,1,0,1.22812,0.823832,0.0264707,c
433,16,3,-3.81698,14.9546,1.16812,0,0,1,1,0,0,1.16138,0.64551,0.303856,c
435,16,3,-4.41629,14.9512,1.17137,0,0,1,1,0,0,1.1625,0.846395,0.295274,c
436,16,39,-4.04803,15.5635,2.15237,-0.92388,-0.382683,0,0,0,1,1.31955,0.235402,0.156272,c
437,16,798,-3.16328,15.6056,1.17476,0,0,1,0,1,-0,1.15824,0.396209,0.312216,c
438,16,0,-4.04653,15.441,1.26707,0,0,1,1,0,0,1.26644,1.22542,0.769244,c
439,16,7,-4.83499,15.9306,1.21607,0,0,1,0.707107,0.707107,-0,1.20705,0.104118,0.0509468,c
440,16,1269,-4.87115,14.9787,0.223261,1,0,0,0,1,0,0.3528,0.304842,0.218896,c
441,16,3,-4.06189,15.4738,0.0428016,1,0,0,0,1,0,1.16779,0.803075,0.0515478,c
