object_index,region_index,category_index,px,py,pz,a0x,a0y,a0z,a1x,a1y,a1z,r0,r1,r2,rT
798,41,31,-2.69179,13.2101,4.89413,-1,2.22045e-16,0,0,0,1,1.65213,1.0616,0.05551,s
1064,41,77,-3.34224,13.6006,4.86826,1,0,0,-0,0,1,2.06984,1.40938,0.848038,s
1065,41,0,-3.5934,14.1131,4.97304,-0.92388,-0.382683,0,0,0,1,2.21604,1.32354,0.679827,s
1067,41,0,-3.21018,13.9079,4.59898,1,0,0,-0,0,1,2.04085,1.21103,0.560501,s
1070,41,704,-3.24738,13.8097,4.60466,1,0,0,-0,0,1,1.99974,1.20963,0.64958,s
1071,41,7,-2.25296,14.485,4.09399,0,0,1,-1,2.22045e-16,0,0.700431,0.378894,0.0629821,s
1072,41,0,-4.40324,13.886,6.12276,2.22045e-16,1,0,-0,0,1,0.590446,0.173657,0.053741,s
1074,41,8,-2.58683,14.662,3.68667,0,0,1,2.22045e-16,1,-0,0.243511,0.033608,0.0277406,s
1075,41,1,-2.24032,14.5153,4.12634,0,0,1,1,0,0,0.657666,0.36206,0.0465708,s
