object_index,region_index,category_index,px,py,pz,a0x,a0y,a0z,a1x,a1y,a1z,r0,r1,r2,rT
784,29,0,-2.25164,17.9502,1.59533,0,0,1,-0.382683,0.92388,0,0.894426,0.230939,0.159096,z
785,29,0,-1.73994,16.6438,1.42845,0,0,1,1,0,0,1.39642,0.888307,0.461629,z
786,29,2,-1.71348,17.2657,2.29325,1,0,0,0,1,0,1.20063,0.616241,0.319402,z
787,29,39,-1.92032,16.6464,1.37227,0,0,1,-0.92388,0.382683,0,1.41832,0.854559,0.732047,z
788,29,3,-1.90866,16.7658,0.0478581,-0.92388,0.382683,0,0.382683,0.92388,0,0.518013,0.271282,0.0480453,z
