object_index,region_index,category_index,px,py,pz,a0x,a0y,a0z,a1x,a1y,a1z,r0,r1,r2,rT
216,7,22,-20.2653,8.03174,1.55173,0,0,1,0.92388,0.382683,-0,1.5704,1.15358,0.59122,c
217,7,2,-20.1597,7.26133,3.08842,-1,2.22045e-16,0,2.22045e-16,1,0,1.00049,0.908314,0.10828,c
218,7,89,-18.903,7.38658,1.55453,0,0,1,2.22045e-16,1,-0,1.57472,1.0601,0.296466,c
219,7,3,-19.8798,7.33738,0.0547786,1,0,0,0,1,0,1.25614,1.10643,0.0839343,c
220,7,76,-19.6642,7.97844,0.429315,-1,2.22045e-16,0,0,0,1,0.566389,0.43508,0.191694,c
221,7,1,-20.7211,6.68494,1.22424,0,0,1,-0.707107,0.707107,0,1.24104,0.425638,0.105816,c
222,7,0,-21.111,6.78828,1.55678,0,0,1,0,1,-0,1.5683,0.408477,0.0536556,c
223,7,0,-20.1643,6.36116,1.55888,0,0,1,-1,2.22045e-16,0,1.56864,0.983727,0.0443172,c
224,7,7,-20.1168,6.31977,1.21113,0,0,1,-1,2.22045e-16,0,1.22221,0.422997,0.08287,c
