object_index,region_index,category_index,px,py,pz,a0x,a0y,a0z,a1x,a1y,a1z,r0,r1,r2,rT
1015,38,0,-20.7526,5.66279,1.56076,-1,2.22045e-16,0,0,0,1,1.61073,1.5802,0.731839,h
1016,38,7,-22.2972,5.56485,1.26761,0,0,1,0,1,-0,1.27356,0.466813,0.142477,h
1017,38,69,-20.7384,5.30764,1.62287,1,0,0,-0,0,1,1.65983,1.64364,0.705175,h
1018,38,2,-20.814,5.57914,3.1093,-1,2.22045e-16,0,2.22045e-16,1,0,1.29891,0.543738,0.0347493,h
1019,38,7,-20.1161,6.2533,1.20805,0,0,1,-1,2.22045e-16,0,1.22507,0.414273,0.134327,h
1020,38,7,-19.305,5.51328,1.21563,0,0,1,0,1,-0,1.22991,0.429787,0.159187,h
1022,38,3,-20.8075,5.65166,0.0383093,-1,2.22045e-16,0,2.22045e-16,1,0,1.62564,0.70213,0.0606139,h
