object_index,region_index,category_index,px,py,pz,a0x,a0y,a0z,a1x,a1y,a1z,r0,r1,r2,rT
42,17,30,1.1841,-4.69501,-1.75591,0,0,1,0,1,-0,0.868223,0.403968,0.150978,s
191,17,30,-2.05612,-5.13809,0.471016,0,1,0,0,0,1,0.443451,0.362776,0.0537081,s
318,17,31,1.17416,-5.47703,-0.949973,0,0,1,2.22045e-16,1,-0,0.990763,0.83957,0.111531,s
320,17,30,1.13761,-4.73035,-1.79961,0,0,1,0,1,-0,0.815219,0.455828,0.157279,s
322,17,31,0.657511,-4.73919,-2.08493,0,0,1,1,0,0,0.53186,0.465563,0.451838,s
323,17,31,-0.460687,-5.83817,-1.35598,1,0,0,-0,0,1,0.689105,0.571756,0.45832,s
324,17,0,0.214177,-4.85409,-1.12729,0,0,1,0,1,-0,1.16906,0.553814,0.0447819,s
325,17,31,0.594603,-5.70539,-1.92092,2.22045e-16,1,0,-1,2.22045e-16,0,0.55972,0.490547,0.0236738,s
