object_index,region_index,category_index,px,py,pz,a0x,a0y,a0z,a1x,a1y,a1z,r0,r1,r2,rT
326,18,1,1.01409,-2.29748,-1.58702,0,0,1,2.22045e-16,1,-0,1.00952,0.245015,0.0251801,b
327,18,0,2.73276,-2.38363,-1.50889,-1,2.22045e-16,0,2.22045e-16,1,0,1.74242,1.48906,1.12628,b
328,18,3,2.70993,-2.37962,-2.59471,1,0,0,0,1,0,1.70006,1.44129,0.0443701,b
329,18,7,1.71927,-3.49932,-1.50213,0,0,1,-0.707107,0.707107,0,1.11012,0.561463,0.140733,b
331,18,7,1.02559,-1.85857,-1.49698,0,0,1,0,1,-0,1.11281,0.934862,0.0300637,b
332,18,5,2.86052,-0.808731,-1.37694,0,0,1,1,0,0,0.819892,0.626155,0.139649,b
333,18,1,1.23689,-2.87335,-1.50794,0,0,1,-0.707107,0.707107,0,1.0937,0.424081,0.162064,b
