object_index,region_index,category_index,px,py,pz,a0x,a0y,a0z,a1x,a1y,a1z,r0,r1,r2,rT
57,23,1,1.97145,-5.75636,3.56818,0,0,1,0,1,-0,0.702427,0.348029,0.0275643,c
177,23,0,1.23058,-5.47095,1.94847,0,0,1,2.22045e-16,1,-0,1.03675,0.877411,0.139104,c
388,23,0,1.8214,-5.54514,4.07066,0,0,1,-0.382683,0.92388,0,1.25389,0.885445,0.359442,c
389,23,1,1.51452,-5.03126,3.88368,0,0,1,0.707107,0.707107,-0,1.06509,0.0695691,0.0532981,c
390,23,1,1.97609,-5.72396,3.86275,0,0,1,0,1,-0,1.04418,0.364154,0.038193,c
392,23,39,1.52284,-5.59086,4.30104,0,0,1,2.22045e-16,1,-0,1.00941,0.767156,0.464488,c
393,23,3,1.9584,-5.46615,2.85187,-0.382683,0.92388,0,-0.92388,-0.382683,0,0.560816,0.202641,0.0406685,c
