object_index,region_index,category_index,px,py,pz,a0x,a0y,a0z,a1x,a1y,a1z,r0,r1,r2,rT
360,21,0,-2.2436,-2.6168,-1.45351,-1,2.22045e-16,0,2.22045e-16,1,0,2.28807,1.76755,1.14922,b
361,21,3,-2.25446,-2.61739,-2.55933,-1,2.22045e-16,0,2.22045e-16,1,0,2.26483,1.73295,0.0485631,b
362,21,1,-2.30925,-2.69864,-1.52776,1,0,0,0,1,0,2.28515,1.69352,1.07403,b
