object_index,region_index,category_index,px,py,pz,a0x,a0y,a0z,a1x,a1y,a1z,r0,r1,r2,rT
39,3,2,1.31755,-4.10286,-0.39849,-1,2.22045e-16,0,2.22045e-16,1,0,1.42128,0.992447,0.0334937,h
40,3,0,1.35053,-4.00127,-1.5061,1,0,0,-0,0,1,1.50184,1.13121,1.10059,h
41,3,1,2.09492,-5.07534,-1.58934,0,0,1,1,0,0,1.04709,0.69185,0.0432565,h
43,3,3,1.35119,-4.10303,-2.57514,-1,2.22045e-16,0,2.22045e-16,1,0,1.4575,0.979889,0.0652919,h
44,3,39,1.46603,-4.43055,-1.50641,-0.707107,0.707107,0,0,0,1,1.37905,1.12435,0.847395,h
295,3,0,1.3817,-4.85368,0.42851,2.22045e-16,1,0,-0,0,1,0.590265,0.462555,0.114212,h
