object_index,region_index,category_index,px,py,pz,a0x,a0y,a0z,a1x,a1y,a1z,r0,r1,r2,rT
482,23,0,-2.24687,-7.59261,1.14227,0,0,1,0,1,-0,1.78476,0.749716,0.65698,s
483,23,0,-2.21388,-8.17544,1.60942,0,0,1,-1,2.22045e-16,0,1.31674,0.677873,0.0975227,s
484,23,3,-2.28275,-8.23923,-0.627761,1,0,0,0,1,0,0.555872,0.0843673,0.0265898,s
485,23,31,-2.29359,-7.5854,-0.174135,2.22045e-16,1,0,-1,2.22045e-16,0,0.595743,0.580613,0.462033,s
488,23,3,-2.24089,-7.51429,0.350245,0,1,0,1,-0,0,0.672928,0.642104,0.0733235,s
490,23,0,-1.72338,-7.66721,0.80424,0,0,1,0,1,-0,1.44493,0.668857,0.0296529,s
