object_index,region_index,category_index,px,py,pz,a0x,a0y,a0z,a1x,a1y,a1z,r0,r1,r2,rT
508,25,3,0.38902,-4.78871,0.111146,0,1,0,1,-0,0,0.592309,0.428116,0.215188,s
509,25,0,0.408246,-4.22452,1.37029,0,0,1,-1,2.22045e-16,0,1.47018,0.397261,0.0520971,s
510,25,0,0.391243,-5.3624,1.38013,0,0,1,1,0,0,1.46604,0.431236,0.0492802,s
