object_index,region_index,category_index,px,py,pz,a0x,a0y,a0z,a1x,a1y,a1z,r0,r1,r2,rT
424,21,7,1.57137,-5.51935,0.928616,0,0,1,1,0,0,1.209,0.615466,0.0663178,h
464,21,0,1.24814,-4.21179,1.28342,0,0,1,1,0,0,1.56833,0.603688,0.0376668,h
466,21,0,1.84225,-4.80437,1.28532,0,0,1,0,1,-0,1.56841,0.606998,0.0274289,h
467,21,7,1.32407,-5.45339,0.909666,0,0,1,-1,2.22045e-16,0,1.19917,0.519647,0.132807,h
469,21,3,1.36501,-4.90279,-0.254016,0,1,0,1,-0,0,0.679849,0.551746,0.0423178,h
470,21,0,1.26535,-5.37144,1.34286,0,0,1,-1,2.22045e-16,0,1.50724,0.590197,0.0482574,h
471,21,31,0.754833,-4.78122,-0.17357,0,1,0,0,0,1,0.570978,0.117042,0.079676,h
473,21,98,0.776332,-5.38204,0.97676,0,0,1,-1,2.22045e-16,0,0.0740549,0.0334942,0.00874686,h
