object_index,region_index,category_index,px,py,pz,a0x,a0y,a0z,a1x,a1y,a1z,r0,r1,r2,rT
265,28,15,-0.358619,-29.982,-1.21603,1,0,0,-0,0,1,5.95223,0.304785,0.0938435,s
528,28,31,-0.963091,-30.0437,-2.13032,-1,2.22045e-16,0,2.22045e-16,1,0,0.722659,0.684705,0.284637,s
529,28,3,-1.13126,-30.6868,-2.40347,1,0,0,0,1,0,0.530483,0.0542669,0.0156304,s
530,28,0,-1.56656,-30.0093,-1.90046,2.22045e-16,1,0,-0,0,1,0.681259,0.500747,0.122246,s
