object_index,region_index,category_index,px,py,pz,a0x,a0y,a0z,a1x,a1y,a1z,r0,r1,r2,rT
246,10,160,2.98203,-30.2248,-1.17834,-1,2.22045e-16,0,0,0,1,3.13293,0.315685,0.280055,x
247,10,160,-3.93631,-30.2454,-1.1856,1,0,0,-0,0,1,2.30151,0.306708,0.276834,x
248,10,143,-6.44875,-31.2488,-0.994416,0,0,1,2.22045e-16,1,-0,1.42131,1.2749,0.162668,x
249,10,143,-2.78826,-33.2406,-1.50773,-0.92388,0.382683,0,0,0,1,3.73345,0.947602,0.713251,x
250,10,143,6.06443,-31.4288,-0.971384,2.22045e-16,1,0,-0,0,1,1.50617,1.34344,0.0865607,x
251,10,234,2.86553,-30.2496,-1.76636,1,0,0,-0,0,1,3.26767,0.548465,0.357938,x
252,10,234,-3.90805,-30.2811,-1.42385,1,0,0,0,1,0,2.43817,0.350808,0.100088,x
253,10,803,-0.944327,-31.8485,-2.4466,1,0,0,0,1,0,5.41602,1.25093,0.104357,x
