object_index,region_index,category_index,px,py,pz,a0x,a0y,a0z,a1x,a1y,a1z,r0,r1,r2,rT
84,27,493,-0.298055,-10.4607,4.37938,0,0,1,0,1,-0,1.16284,1.0188,0.0508156,c
524,27,7,-0.437758,-9.38168,4.52784,0,0,1,1,0,0,1.32915,0.220303,0.0839319,c
525,27,493,-0.297009,-10.4585,4.36629,0,0,1,0,1,-0,1.17886,1.04287,0.0387808,c
526,27,0,-0.284378,-10.4587,5.57504,2.22045e-16,1,0,-0,0,1,1.03856,0.22563,0.0406706,c
