object_index,region_index,category_index,px,py,pz,a0x,a0y,a0z,a1x,a1y,a1z,r0,r1,r2,rT
261,13,7,4.77615,-21.4098,0.788683,0,0,1,1,0,0,2.11651,1.36184,0.164093,x
276,13,0,3.917,-15.1515,1.31792,2.22045e-16,1,0,-0,0,1,6.35872,2.39127,0.143541,x
277,13,143,6.01038,-15.0576,0.189236,0,1,0,0,0,1,6.60347,1.26236,0.228428,x
278,13,91,3.7881,-14.7194,0.662722,0,0,1,2.22045e-16,1,-0,1.04298,0.310913,0.094416,x
279,13,905,3.99774,-13.6749,1.25406,0,0,1,0,1,-0,0.338639,0.254072,0.124095,x
280,13,91,3.79914,-12.1931,0.604943,0,0,1,0,1,-0,1.04426,0.296237,0.0920851,x
281,13,66,4.2508,-8.80188,0.216182,0,0,1,1,0,0,0.768728,0.234717,0.0937548,x
282,13,3,4.99793,-14.2392,-0.853783,0,1,0,1,-0,0,5.02315,1.1609,0.217102,x
283,13,3,5.01465,-8.8882,-0.601897,1,0,0,0,1,0,1.09521,0.384328,0.192939,x
