object_index,region_index,category_index,px,py,pz,a0x,a0y,a0z,a1x,a1y,a1z,r0,r1,r2,rT
474,22,0,-2.79904,-9.79638,0.811402,0,1,0,0,0,1,1.58876,1.44771,0.122312,h
475,22,3,-2.10281,-9.80417,-0.617722,2.22045e-16,1,0,-1,2.22045e-16,0,1.59655,0.776649,0.0565002,h
477,22,0,-1.53622,-8.35867,0.803986,0,0,1,-1,2.22045e-16,0,1.44786,0.183068,0.0648909,h
478,22,0,-1.39502,-8.7071,0.804029,0,0,1,0,1,-0,1.44771,0.384902,0.0724889,h
479,22,2,-2.08626,-9.80635,2.22797,0,1,0,1,-0,0,1.62063,0.760092,0.034394,h
480,22,0,-1.71882,-8.26069,0.800356,0,0,1,-0.382683,0.92388,0,1.44,0.0935643,0.0526321,h
481,22,794,-2.87081,-8.81015,0.844625,0,0,1,0,1,-0,0.137656,0.108075,0.0180336,h
491,22,7,-2.29336,-8.29608,1.30028,0,0,1,1,0,0,0.941427,0.58668,0.0430088,h
516,22,3,-1.98618,-10.4897,3.30395,0,1,0,1,-0,0,1.01398,0.96618,0.0957706,h
