object_index,region_index,category_index,px,py,pz,a0x,a0y,a0z,a1x,a1y,a1z,r0,r1,r2,rT
0,0,0,-9.51795,4.47102,2.84853,0,0,1,-1,2.22045e-16,0,1.75865,1.62777,0.098932,s
1,0,39,-9.23384,4.998,2.93656,0,0,1,-1,2.22045e-16,0,1.97888,1.39253,0.619391,s
2,0,0,-9.57503,5.60862,3.04151,0,0,1,-1,2.22045e-16,0,1.88565,1.5528,0.0478516,s
3,0,31,-9.43362,5.07251,2.16095,-1,2.22045e-16,0,0,0,1,1.58681,1.0232,0.576773,s
7,0,282,-7.97426,5.00463,1.09605,0,1,0,1,-0,0,0.619567,0.142466,0.139107,s
