object_index,region_index,category_index,px,py,pz,a0x,a0y,a0z,a1x,a1y,a1z,r0,r1,r2,rT
249,11,0,4.08571,6.01808,1.15169,0,0,1,-1,2.22045e-16,0,1.1433,0.692991,0.116863,p
250,11,0,3.45803,6.73013,1.09248,0,0,1,2.22045e-16,1,-0,1.07279,0.859267,0.10571,p
251,11,39,3.55232,5.69667,1.11237,1,0,0,-0,0,1,1.19463,1.08965,0.32108,p
252,11,3,3.00394,6.71252,0.077432,-0.382683,0.92388,0,0.92388,0.382683,0,1.45877,1.0193,0.0797588,p
253,11,2,2.94119,6.87352,2.12553,2.22045e-16,1,0,-1,2.22045e-16,0,1.28365,0.588546,0.0498537,p
