object_index,region_index,category_index,px,py,pz,a0x,a0y,a0z,a1x,a1y,a1z,r0,r1,r2,rT
159,7,237,-2.17501,5.09504,2.20925,0,0,1,0,1,-0,0.984029,0.547371,0.297173,S
160,7,3,-2.64117,4.90559,1.01336,-0.382683,0.92388,0,0.92388,0.382683,0,0.909476,0.622125,0.0591902,S
161,7,0,-2.7218,5.60261,2.17851,0,0,1,-1,2.22045e-16,0,1.17771,0.560843,0.0496278,S
162,7,0,-1.90246,4.57116,2.08437,0,0,1,0,1,-0,1.07526,0.130373,0.0930285,S
163,7,0,-2.53214,4.77839,2.1728,0,0,1,-0.92388,0.382683,0,1.18301,1.01368,0.506814,S
164,7,7,-2.63387,4.17202,2.06177,0,0,1,1,0,0,1.02637,0.44137,0.160314,S
165,7,60,-2.14947,5.13306,1.18439,0,1,0,1,-0,0,0.509031,0.340037,0.187783,S
166,7,1,-3.08552,4.48247,2.08931,0,0,1,-0.382683,0.92388,0,0.935745,0.275352,0.0540989,S
167,7,2,-2.47072,5.03222,3.31161,1,0,0,0,1,0,0.825734,0.554279,0.0493637,S
