object_index,region_index,category_index,px,py,pz,a0x,a0y,a0z,a1x,a1y,a1z,r0,r1,r2,rT
352,22,37,10.8201,-0.0218886,-0.879299,-0.382683,0.92388,0,0,0,1,0.560212,0.365187,0.13234,S
353,22,45,8.56849,-2.0726,-0.969078,0,0,1,-0.707107,0.707107,0,1.71811,1.31304,0.358736,S
365,22,51,11.0102,0.116494,-1.87661,-0.707107,0.707107,0,0,0,1,0.474718,0.457524,0.243213,S
368,22,60,9.09099,-1.60614,-2.53424,-0.382683,0.92388,0,0.92388,0.382683,0,1.35387,0.81446,0.190274,S
369,22,394,8.31433,-0.87544,-2.41236,0.92388,0.382683,0,-0.382683,0.92388,0,0.431287,0.294701,0.290724,S
