object_index,region_index,category_index,px,py,pz,a0x,a0y,a0z,a1x,a1y,a1z,r0,r1,r2,rT
432,27,0,-1.00304,2.58528,1.36976,0,0,1,0,1,-0,1.39088,1.2549,1.1009,c
433,27,69,-0.931958,1.65577,0.825599,-1,2.22045e-16,0,0,0,1,1.12315,0.85373,0.0756445,c
434,27,966,-1.27736,1.67248,0.700705,-1,2.22045e-16,0,0,0,1,0.792799,0.679331,0.0681929,c
435,27,1,-1.62871,1.97473,1.28881,0,0,1,-1,2.22045e-16,0,1.30117,0.469802,0.106583,c
436,27,2,-0.936205,2.44718,2.70377,2.22045e-16,1,0,-1,2.22045e-16,0,1.12452,0.991144,0.18953,c
437,27,39,-0.961916,2.70875,1.35209,0,0,1,0,1,-0,1.40443,1.12616,1.08799,c
438,27,3,-1.0119,2.85478,0.14495,1,0,0,0,1,0,1.08885,0.959963,0.191736,c
