object_index,region_index,category_index,px,py,pz,a0x,a0y,a0z,a1x,a1y,a1z,r0,r1,r2,rT
327,20,1,-0.0647421,2.09012,4.33989,0,0,1,2.22045e-16,1,-0,1.22127,0.44943,0.132227,a
328,20,0,-0.926096,1.72286,4.42774,0,0,1,-0.92388,-0.382683,0,1.31127,1.21301,0.874034,a
329,20,107,-1.51429,2.02351,3.35628,1,0,0,0,1,0,0.322065,0.253875,0.243449,a
330,20,2,-0.839602,1.75639,5.59372,-0.92388,-0.382683,0,-0.382683,0.92388,0,1.12027,0.862096,0.151793,a
331,20,201,-1.70826,1.0008,4.65762,0,0,1,-0.382683,0.92388,0,0.508186,0.475196,0.132356,a
332,20,69,-1.75931,0.845388,4.94561,0,0,1,-0.382683,0.92388,0,0.783478,0.386073,0.112038,a
333,20,38,-0.575452,2.44533,4.35237,0,0,1,1,0,0,1.22012,0.474398,0.0942197,a
334,20,39,-1.02327,1.67786,3.59988,1,0,0,0,1,0,1.16664,0.686348,0.481274,a
335,20,3,-0.850926,1.7368,3.23496,0.92388,0.382683,0,-0.382683,0.92388,0,1.07365,0.822836,0.137732,a
