object_index,region_index,category_index,px,py,pz,a0x,a0y,a0z,a1x,a1y,a1z,r0,r1,r2,rT
60,28,0,2.04367,0.622956,-2.65017,0,0,1,1,0,0,1.68297,1.66968,0.0757511,s
112,28,0,1.65258,1.67728,0.29184,0,0,1,1,0,0,1.34268,0.421697,0.0476716,s
200,28,0,3.52515,1.76808,1.95727,-1,2.22045e-16,0,0,0,1,0.844054,0.0708927,0.0511973,s
440,28,261,2.59971,1.17976,-1.63327,-1,2.22045e-16,0,2.22045e-16,1,0,0.641161,0.572087,0.359028,s
441,28,0,2.59829,1.69722,-0.235982,0,0,1,1,0,0,1.95544,1.27395,0.0976359,s
442,28,31,2.89086,1.15121,-1.57603,-1,2.22045e-16,0,0,0,1,0.906088,0.632725,0.534979,s
444,28,30,2.83688,0.715743,-0.988159,0,0,1,-1,2.22045e-16,0,1.00911,0.853811,0.0680895,s
445,28,0,2.51341,0.789759,-1.62246,-1,2.22045e-16,0,0,0,1,1.23103,0.697894,0.22757,s
446,28,39,2.88225,1.18124,-0.34145,0,0,1,1,0,0,1.86626,0.973553,0.617711,s
