object_index,region_index,category_index,px,py,pz,a0x,a0y,a0z,a1x,a1y,a1z,r0,r1,r2,rT
447,29,3,2.1557,-7.11384,-2.24011,0.92388,0.382683,0,-0.382683,0.92388,0,3.66681,1.6177,0.0801048,p
448,29,0,3.01692,-7.96091,-1.67959,0.92388,0.382683,0,-0,0,1,2.73523,0.589377,0.419383,p
449,29,13,0.681029,-6.93385,-0.474267,0,0,1,0.707107,0.707107,-0,1.73432,0.461514,0.278723,p
450,29,17,2.41428,-5.76893,-0.468643,0.92388,0.382683,0,-0,0,1,2.60672,1.75341,0.48405,p
452,29,39,2.17501,-7.04168,-0.367347,0.92388,0.382683,0,-0,0,1,3.746,1.92105,1.53845,p
