object_index,region_index,category_index,px,py,pz,a0x,a0y,a0z,a1x,a1y,a1z,r0,r1,r2,rT
453,30,0,-3.44786,5.81016,4.42017,0,0,1,0,1,-0,1.32131,0.682822,0.031608,h
454,30,0,-5.09129,5.56244,4.40916,0,0,1,-0.382683,0.92388,0,1.32969,0.915034,0.17596,h
455,30,39,-4.35277,5.59636,4.38045,0,0,1,1,0,0,1.36505,1.2223,0.896235,h
457,30,2,-4.49099,5.70494,5.72941,1,0,0,0,1,0,1.05307,0.78982,0.0160921,h
458,30,1,-4.57701,5.01654,4.7684,0,0,1,-0.92388,-0.382683,0,0.683614,0.464552,0.0548462,h
459,30,0,-4.50333,6.40693,4.41053,0,0,1,1,0,0,1.32353,1.0813,0.0926492,h
