object_index,region_index,category_index,px,py,pz,a0x,a0y,a0z,a1x,a1y,a1z,r0,r1,r2,rT
252,16,31,1.2957,-7.58595,2.97288,1,0,0,-0,0,1,1.04269,0.903195,0.526563,s
257,16,0,-1.76929,-7.63557,3.12823,0,0,1,-0.382683,0.92388,0,1.04895,0.954292,0.160926,s
259,16,0,0.739143,-8.91376,3.75277,0.92388,0.382683,0,-0,0,1,1.80992,1.44854,0.33071,s
260,16,0,-1.56297,-8.38117,5.4025,-0.382683,0.92388,0,0,0,1,1.70304,1.18328,0.126366,s
261,16,30,-1.27226,-8.89099,5.86853,-0.382683,0.92388,0,0,0,1,1.24488,0.676571,0.216282,s
262,16,30,0.686312,-7.83472,3.42115,0.92388,0.382683,0,-0,0,1,1.20682,0.993433,0.264802,s
263,16,38,-0.940606,-7.51171,3.06509,0,0,1,-0.382683,0.92388,0,1.02038,0.459565,0.17286,s
264,16,30,0.752774,-8.99914,4.33145,0.92388,0.382683,0,-0,0,1,1.86298,1.0412,0.371643,s
