object_index,region_index,category_index,px,py,pz,a0x,a0y,a0z,a1x,a1y,a1z,r0,r1,r2,rT
393,24,31,0.70723,1.72906,2.53361,0,1,0,1,-0,0,0.676002,0.563826,0.462207,s
394,24,0,1.3528,1.726,2.62764,0,1,0,0,0,1,0.671871,0.587399,0.231506,s
395,24,0,0.189488,1.72817,2.76223,0,1,0,0,0,1,0.669697,0.55257,0.12589,s
396,24,261,0.689938,2.14463,2.28102,-1,2.22045e-16,0,0,0,1,0.54313,0.302571,0.260214,s
422,24,2,0.701646,1.75854,1.8422,1,0,0,-0,0,1,0.582725,0.250292,0.158095,s
426,24,30,0.235432,2.02459,3.64019,2.22045e-16,1,0,-0,0,1,0.491561,0.400005,0.0511605,s
427,24,30,1.31002,2.09081,3.98235,0,1,0,0,0,1,0.439809,0.19858,0.100811,s
