object_index,region_index,category_index,px,py,pz,a0x,a0y,a0z,a1x,a1y,a1z,r0,r1,r2,rT
254,31,30,-0.780329,-7.39389,5.40899,-0.382683,0.92388,0,0,0,1,1.31506,0.993894,0.302041,y
461,31,15,-3.7898,-3.37502,8.39639,0.382683,0.92388,0,-0,0,1,2.00219,1.53565,0.887964,y
465,31,266,4.48498,1.64353,6.52852,0,0,1,0,1,-0,0.242784,0.222526,0.142956,y
466,31,0,-2.93562,-6.13748,6.99962,-0.382683,0.92388,0,0,0,1,1.15825,0.707031,0.459339,y
471,31,266,6.76406,1.7033,6.56477,0,0,1,0,1,-0,0.280986,0.218959,0.15271,y
473,31,39,-2.72698,-4.71499,8.20974,-0.707107,0.707107,0,0,0,1,2.60512,1.65403,1.34383,y
