object_index,region_index,category_index,px,py,pz,a0x,a0y,a0z,a1x,a1y,a1z,r0,r1,r2,rT
384,17,28,10.5199,0.478673,-2.76356,-1,2.22045e-16,0,0,0,1,0.481705,0.431297,0.412384,p
385,17,0,10.6147,0.735595,-1.77426,0,1,0,0,0,1,1.92563,1.43638,1.25488,p
386,17,2,10.9379,0.758879,-0.475496,0,1,0,1,-0,0,1.90419,1.00408,0.203232,p
387,17,5,9.56248,0.636225,-1.47226,2.22045e-16,1,0,-0,0,1,1.59178,0.868075,0.234238,p
388,17,3,10.6566,0.751883,-2.91054,0,1,0,1,-0,0,1.6994,1.27299,0.316907,p
