object_index,region_index,category_index,px,py,pz,a0x,a0y,a0z,a1x,a1y,a1z,r0,r1,r2,rT
389,18,0,-0.0797892,4.56093,1.37774,0,0,1,2.22045e-16,1,-0,1.37877,0.923985,0.472768,c
390,18,7,-0.369962,4.55712,1.05947,0,0,1,2.22045e-16,1,-0,1.05862,0.820409,0.236295,c
391,18,3,-0.0780605,4.67148,0.0789563,0,1,0,1,-0,0,0.806823,0.462666,0.0927979,c
