object_index,region_index,category_index,px,py,pz,a0x,a0y,a0z,a1x,a1y,a1z,r0,r1,r2,rT
21,1,0,-2.4169,3.00005,1.36964,0,0,1,1,0,0,1.36899,0.934264,0.710529,c
22,1,7,-2.81793,2.43352,1.07203,0,0,1,1,0,0,1.06245,0.459071,0.202797,c
23,1,2,-2.38527,3.06246,2.68846,-1,2.22045e-16,0,2.22045e-16,1,0,0.876305,0.625172,0.0549084,c
24,1,5,-3.32626,3.04584,1.82274,0,0,1,-0.382683,0.92388,0,0.442091,0.16366,0.107894,c
25,1,3,-2.39092,2.96072,0.0254375,1,0,0,0,1,0,0.870557,0.731315,0.03786,c
