object_index,region_index,category_index,px,py,pz,a0x,a0y,a0z,a1x,a1y,a1z,r0,r1,r2,rT
255,12,3,3.83765,4.82694,-3.03046,1,0,0,0,1,0,0.649814,0.562549,0.0522504,a
256,12,27,3.70626,4.38114,-2.83931,0,0,1,1,0,0,0.233188,0.185328,0.121566,a
257,12,7,3.64661,5.29487,-1.99017,0,0,1,1,0,0,1.08258,0.470025,0.114776,a
258,12,0,4.10673,4.6363,-1.75906,0,0,1,-1,2.22045e-16,0,1.32226,0.949977,0.615547,a
259,12,21,4.69132,4.79346,-2.33551,2.22045e-16,1,0,-1,2.22045e-16,0,0.227186,0.181284,0.0833737,a
260,12,1187,4.72459,4.79302,-2.21273,2.22045e-16,1,0,-1,2.22045e-16,0,0.44505,0.341331,0.134671,a
261,12,39,4.10932,4.78529,-1.68504,1,0,0,-0,0,1,0.928852,0.784192,0.453814,a
262,12,15,4.9089,4.50974,-2.05623,0,0,1,-0.92388,0.382683,0,0.199451,0.129624,0.124584,a
263,12,56,4.43392,4.80003,-2.69895,2.22045e-16,1,0,-0,0,1,0.425221,0.373118,0.0550897,a
