object_index,region_index,category_index,px,py,pz,a0x,a0y,a0z,a1x,a1y,a1z,r0,r1,r2,rT
98,3,0,-13.7581,-1.95045,-0.419218,2.22045e-16,1,0,-0,0,1,3.00148,0.445704,0.269762,s
104,3,30,-14.2258,-2.12767,0.424827,1,0,0,-0,0,1,0.186322,0.0918102,0.0802627,s
106,3,77,-13.9285,-2.21306,-0.353653,0,1,0,1,-0,0,0.988674,0.451669,0.328152,s
107,3,0,-13.8916,-1.27351,-0.152727,1,0,0,-0,0,1,0.243161,0.232926,0.0603425,s
108,3,0,-14.0761,-3.09039,-0.204722,0,0,1,-0.707107,0.707107,0,0.180953,0.0642728,0.0559816,s
