object_index,region_index,category_index,px,py,pz,a0x,a0y,a0z,a1x,a1y,a1z,r0,r1,r2,rT
297,9,3,-12.6388,-23.5594,0.123763,2.22045e-16,1,0,-1,2.22045e-16,0,12.4334,3.17952,0.140511,h
299,9,0,-12.6575,-23.9527,1.83864,2.22045e-16,1,0,-1,2.22045e-16,0,12.0401,3.22241,1.84766,h
300,9,0,-14.2749,-18.0406,1.38086,1,0,0,-0,0,1,1.46187,1.38759,0.080987,h
301,9,92,-12.1894,-24.1417,4.29588,2.22045e-16,1,0,-1,2.22045e-16,0,10.3934,1.46917,0.653255,h
303,9,39,-13.3994,-26.1661,2.36351,0,1,0,0,0,1,8.3808,2.34863,1.6845,h
304,9,0,-11.7707,-33.976,2.16793,0,0,1,0,1,-0,2.15305,1.42294,0.250111,h
305,9,0,-11.9582,-12.1522,1.68862,0,0,1,0,1,-0,1.61975,0.786235,0.579525,h
306,9,11,-12.9511,-33.3879,3.80892,0,1,0,1,-0,0,0.283226,0.277336,0.171432,h
307,9,39,-10.9778,-12.4525,2.48558,1,0,0,0,1,0,1.48666,0.863865,0.28287,h
