object_index,region_index,category_index,px,py,pz,a0x,a0y,a0z,a1x,a1y,a1z,r0,r1,r2,rT
475,11,1,12.6363,10.1975,1.49505,0,0,1,0,1,-0,1.46499,0.360614,0.130861,h
476,11,2,11.8711,10.0072,2.85779,1,0,0,0,1,0,0.844506,0.576476,0.120407,h
477,11,0,11.8642,9.7933,1.56999,0,0,1,-1,2.22045e-16,0,1.34334,0.868883,0.361956,h
478,11,1,11.1615,10.2592,1.491,0,0,1,0,1,-0,1.46144,0.298882,0.166828,h
479,11,39,11.8596,9.98437,1.72942,0,0,1,-1,2.22045e-16,0,1.24534,0.864587,0.535327,h
480,11,63,12.514,9.51456,0.882736,0,0,1,0.92388,0.382683,-0,0.433144,0.112113,0.0963036,h
481,11,63,11.3046,9.51506,1.06432,0,0,1,-0.92388,0.382683,0,0.250481,0.0743655,0.0508094,h
482,11,3,11.912,9.99199,0.0482829,1,0,0,0,1,0,0.681388,0.553468,0.0423561,h
483,11,63,11.1543,9.73429,2.1747,0,0,1,0,1,-0,0.606304,0.134064,0.0202889,h
