object_index,region_index,category_index,px,py,pz,a0x,a0y,a0z,a1x,a1y,a1z,r0,r1,r2,rT
469,10,1,16.3725,13.0682,1.47573,0,0,1,-1,2.22045e-16,0,1.44103,0.319415,0.0518155,h
470,10,7,16.7545,13.7436,1.43597,0,0,1,2.22045e-16,1,-0,1.39371,0.747446,0.104348,h
471,10,1,16.3574,14.4626,1.49092,0,0,1,1,0,0,1.45551,0.30235,0.0893793,h
472,10,2,16.619,13.7432,2.84109,0,1,0,1,-0,0,0.809324,0.561868,0.157661,h
473,10,0,16.9143,13.7545,1.43515,0,0,1,0,1,-0,1.39594,0.775528,0.284149,h
474,10,3,16.6285,13.7464,0.0722667,0,1,0,1,-0,0,0.761815,0.574059,0.0423642,h
