object_index,region_index,category_index,px,py,pz,a0x,a0y,a0z,a1x,a1y,a1z,r0,r1,r2,rT
460,9,1,7.34483,13.1105,1.45242,0,0,1,1,0,0,1.42976,0.2093,0.059773,h
461,9,0,6.882,13.0311,1.43175,0,0,1,1,0,0,1.41219,0.162881,0.0251684,h
462,9,7,7.0804,13.7806,1.44082,0,0,1,0,1,-0,1.41941,0.774348,0.159936,h
463,9,2,7.10575,13.7865,2.85665,0,1,0,1,-0,0,0.773112,0.447994,0.092967,h
464,9,1,7.32048,14.4929,1.44147,0,0,1,-1,2.22045e-16,0,1.41462,0.211618,0.0500355,h
465,9,153,6.84287,13.7884,2.69861,2.22045e-16,1,0,-0,0,1,0.198589,0.147903,0.0705147,h
466,9,0,6.91792,14.5379,1.43397,0,0,1,-1,2.22045e-16,0,1.41177,0.13858,0.0268393,h
467,9,3,7.10567,13.7814,0.0678728,0,1,0,1,-0,0,0.763008,0.448209,0.0488107,h
468,9,39,6.96489,13.7536,1.83476,0,0,1,0.382683,0.92388,-0,0.783093,0.746319,0.139654,h
