object_index,region_index,category_index,px,py,pz,a0x,a0y,a0z,a1x,a1y,a1z,r0,r1,r2,rT
543,19,77,3.95056,0.118348,-0.332716,-0.382683,0.92388,0,0.92388,0.382683,0,1.06601,0.943734,0.417739,s
544,19,0,3.51576,-0.868568,-0.262462,0,0,1,-0.707107,0.707107,0,0.484374,0.418607,0.102075,s
545,19,0,4.69423,0.392789,-0.216282,-0.707107,0.707107,0,0,0,1,1.08515,0.520326,0.228204,s
