object_index,region_index,category_index,px,py,pz,a0x,a0y,a0z,a1x,a1y,a1z,r0,r1,r2,rT
526,17,1,2.50955,5.16451,1.41074,0,0,1,0,1,-0,1.4192,0.217948,0.0661964,h
527,17,0,1.90226,4.88916,1.51755,0,0,1,1,0,0,1.51487,0.886606,0.467096,h
528,17,2,1.86659,4.95961,2.77219,-1,2.22045e-16,0,2.22045e-16,1,0,0.780572,0.419378,0.0679839,h
529,17,7,1.87296,4.99825,1.40097,0,0,1,-1,2.22045e-16,0,1.41007,0.749628,0.100568,h
530,17,1,1.20913,5.19085,1.41344,0,0,1,2.22045e-16,1,-0,1.40916,0.191614,0.0604699,h
531,17,153,1.83087,4.72094,2.705,1,0,0,-0,0,1,0.20324,0.120446,0.0460501,h
532,17,3,1.87193,4.90079,0.0270275,1,0,0,0,1,0,0.791183,0.479824,0.0370904,h
533,17,39,2.33063,4.65739,2.817,-0.92388,0.382683,0,0,0,1,0.463817,0.106829,0.0566894,h
