object_index,region_index,category_index,px,py,pz,a0x,a0y,a0z,a1x,a1y,a1z,r0,r1,r2,rT
510,15,1,17.0569,0.854537,1.37721,0,0,1,-0.92388,0.382683,0,1.37371,0.203919,0.056803,h
511,15,1,17.0422,-0.512343,1.43138,0,0,1,1,0,0,1.42662,0.197831,0.0825482,h
512,15,2,16.764,0.182931,2.79597,0,1,0,1,-0,0,0.77988,0.475946,0.0681112,h
513,15,3,16.7621,0.190573,0.0715513,0,1,0,1,-0,0,0.77839,0.477898,0.0770776,h
514,15,0,16.7434,0.187321,1.42,0,0,1,2.22045e-16,1,-0,1.42035,0.788719,0.462049,h
515,15,7,16.8158,0.184199,1.42462,0,0,1,0,1,-0,1.43014,0.759949,0.0797977,h
516,15,39,16.4429,0.911975,1.52094,-0.707107,0.707107,0,0,0,1,0.0465901,0.0446775,0.033246,h
