object_index,region_index,category_index,px,py,pz,a0x,a0y,a0z,a1x,a1y,a1z,r0,r1,r2,rT
534,18,0,1.13695,10.1316,1.43245,0,0,1,0,1,-0,1.41954,0.435123,0.0742711,h
535,18,2,1.87192,10.0615,2.84931,1,0,0,0,1,0,0.80589,0.511374,0.109385,h
536,18,1,2.48616,9.76693,1.42418,0,0,1,2.22045e-16,1,-0,1.41631,0.214936,0.103783,h
537,18,1,1.19869,9.77968,1.41323,0,0,1,-0.382683,0.92388,0,1.40262,0.249377,0.0823252,h
538,18,7,1.84397,10.0775,1.4268,0,0,1,1,0,0,1.41435,0.775945,0.135645,h
539,18,0,2.62856,10.3423,1.4409,0,0,1,0,1,-0,1.43264,0.230382,0.0787848,h
540,18,153,1.8229,10.1982,2.72244,1,0,0,-0,0,1,0.208876,0.12077,0.111893,h
541,18,39,1.8655,10.0743,1.9732,0,0,1,1,0,0,0.980832,0.730211,0.487715,h
542,18,3,1.84645,10.0629,0.0280295,-1,2.22045e-16,0,2.22045e-16,1,0,0.765989,0.513309,0.0245033,h
