object_index,region_index,category_index,px,py,pz,a0x,a0y,a0z,a1x,a1y,a1z,r0,r1,r2,rT
493,13,2,29.1416,11.1091,2.82496,1,0,0,0,1,0,0.781797,0.449645,0.0430534,h
494,13,153,29.1152,11.4279,2.71924,1,0,0,-0,0,1,0.21454,0.131982,0.0853214,h
495,13,0,29.1265,11.3478,1.43666,0,0,1,1,0,0,1.42855,0.797332,0.227141,h
496,13,1,28.4575,10.8925,1.44317,0,0,1,-0.382683,0.92388,0,1.42296,0.244247,0.0736904,h
497,13,7,29.1196,11.1832,1.42786,0,0,1,1,0,0,1.41753,0.763466,0.102921,h
498,13,1,29.7744,10.9205,1.4379,0,0,1,0.382683,0.92388,-0,1.42086,0.272099,0.0724091,h
500,13,3,29.1182,11.1095,0.0252883,1,0,0,0,1,0,0.76444,0.449197,0.0175589,h
501,13,39,29.8776,11.3262,0.220248,2.22045e-16,1,0,-0,0,1,0.0697484,0.0607487,0.00999928,h
