object_index,region_index,category_index,px,py,pz,a0x,a0y,a0z,a1x,a1y,a1z,r0,r1,r2,rT
484,12,0,24.3578,13.6974,1.50705,0,0,1,0,1,-0,1.47691,0.846192,0.238597,h
485,12,1,24.9301,13.0321,1.49091,0,0,1,1,0,0,1.45102,0.272705,0.123589,h
486,12,2,24.6151,13.7445,2.87903,0,1,0,1,-0,0,0.797111,0.492427,0.0993047,h
487,12,1,24.9234,14.4135,1.49076,0,0,1,-1,2.22045e-16,0,1.45561,0.278625,0.0724993,h
488,12,0,25.1202,13.7009,2.92435,0,1,0,0,0,1,0.764529,0.109525,0.060523,h
489,12,153,24.5031,13.7546,2.72958,0,1,0,0,0,1,0.220426,0.130266,0.11251,h
490,12,39,24.3995,13.7726,2.17968,0,0,1,0,1,-0,0.801429,0.735354,0.275245,h
491,12,7,24.5891,13.7582,1.44471,0,0,1,2.22045e-16,1,-0,1.40838,0.750772,0.12171,h
492,12,3,24.6607,13.7452,0.0591257,0,1,0,1,-0,0,0.790067,0.541266,0.0292428,h
