object_index,region_index,category_index,px,py,pz,a0x,a0y,a0z,a1x,a1y,a1z,r0,r1,r2,rT
517,16,1,7.35647,3.71456,1.4409,0,0,1,-1,2.22045e-16,0,1.42029,0.289248,0.103225,h
518,16,2,7.14579,3.05721,2.80107,0,1,0,1,-0,0,0.770992,0.49718,0.0649713,h
519,16,7,6.97764,3.06613,1.44635,0,0,1,0,1,-0,1.41449,0.781566,0.206113,h
520,16,1,7.32683,2.43295,1.44144,0,0,1,1,0,0,1.41633,0.317546,0.118905,h
521,16,39,7.23751,3.05752,0.993699,0,0,1,0.382683,0.92388,-0,0.827924,0.800994,0.110086,h
522,16,0,6.84936,2.32915,1.44171,0,0,1,-1,2.22045e-16,0,1.41286,0.199484,0.0502361,h
523,16,213,6.85088,3.0809,2.73046,0,1,0,0,0,1,0.21057,0.122934,0.0767589,h
524,16,0,6.85999,3.8101,1.43875,0,0,1,1,0,0,1.40974,0.147032,0.0431608,h
525,16,3,7.14696,3.0672,0.0407226,0,1,0,1,-0,0,0.783123,0.496871,0.029173,h
