object_index,region_index,category_index,px,py,pz,a0x,a0y,a0z,a1x,a1y,a1z,r0,r1,r2,rT
412,16,31,15.9586,10.442,0.146247,0,1,0,0,0,1,0.432656,0.133203,0.0516992,s
413,16,0,16.0304,10.9029,0.205459,0.92388,0.382683,0,-0,0,1,0.247308,0.22927,0.0563366,s
414,16,39,15.919,10.859,0.101638,0,0,1,-0.92388,0.382683,0,0.0888019,0.0613404,0.0170188,s
415,16,3,15.8937,10.4076,0.0328397,0,1,0,1,-0,0,0.401267,0.0769663,0.0285345,s
416,16,0,15.9623,10.0263,0.166912,0,0,1,0.707107,0.707107,-0,0.154242,0.0630321,0.0258546,s
