object_index,region_index,category_index,px,py,pz,a0x,a0y,a0z,a1x,a1y,a1z,r0,r1,r2,rT
286,12,2,19.5872,-6.80715,2.94045,2.22045e-16,1,0,-1,2.22045e-16,0,1.83255,0.871623,0.0331939,z
287,12,87,20.1464,-7.09863,0.797479,2.22045e-16,1,0,-0,0,1,1.84551,1.04043,0.301906,z
288,12,0,19.5576,-5.22294,0.178353,0,0,1,-1,2.22045e-16,0,1.07555,0.235497,0.0820017,z
290,12,0,19.5257,-7.00141,1.49112,0,1,0,0,0,1,1.9715,1.48253,0.844901,z
291,12,39,19.7577,-6.95125,1.49743,0,1,0,0,0,1,1.9901,1.46278,0.651165,z
