object_index,region_index,category_index,px,py,pz,a0x,a0y,a0z,a1x,a1y,a1z,r0,r1,r2,rT
74,2,0,20.0946,-4.30552,1.009,0,0,1,0.382683,0.92388,-0,1.87598,1.32286,0.718004,h
75,2,1265,19.9618,-3.40424,-0.368138,0,0,1,-0.382683,-0.92388,0,0.498152,0.259054,0.239275,h
76,2,39,20.4938,-4.87461,0.727521,0,0,1,0.382683,0.92388,-0,0.907989,0.495461,0.154691,h
77,2,7,19.5705,-5.15015,0.233462,0,0,1,-1,2.22045e-16,0,1.09018,0.300613,0.103774,h
78,2,2,20.1668,-4.2053,2.66655,0,1,0,1,-0,0,1.04489,0.646131,0.147391,h
79,2,39,19.7766,-3.3139,1.05764,0,0,1,0.382683,0.92388,-0,1.29909,0.150729,0.0382681,h
80,2,3,20.0623,-4.21253,-0.844113,0.382683,0.92388,0,-0.92388,0.382683,0,1.17662,0.633237,0.0564156,h
81,2,1,19.6228,-5.18335,0.205793,0,0,1,-1,2.22045e-16,0,1.05465,0.256442,0.0705807,h
289,2,0,19.9827,-5.13932,2.83691,-0.92388,0.382683,0,0,0,1,0.427191,0.130736,0.0876842,h
