object_index,region_index,category_index,px,py,pz,a0x,a0y,a0z,a1x,a1y,a1z,r0,r1,r2,rT
161,7,1,13.7111,5.75262,1.20257,0,0,1,2.22045e-16,1,-0,1.18586,0.364948,0.0489125,t
162,7,0,12.8997,5.6735,1.34011,0,0,1,-1,2.22045e-16,0,1.33738,0.966212,0.490171,t
163,7,3,12.8949,5.70951,0.0381499,-1,2.22045e-16,0,2.22045e-16,1,0,0.94026,0.501366,0.043318,t
164,7,2,12.9207,5.62054,2.62558,-1,2.22045e-16,0,2.22045e-16,1,0,0.918827,0.407138,0.0526735,t
165,7,7,13.3527,6.14,1.17944,0,0,1,1,0,0,1.16213,0.393787,0.0814655,t
166,7,27,12.2774,5.67908,0.416101,0,0,1,1,0,0,0.412458,0.336078,0.207388,t
167,7,4,13.2006,5.22096,1.6201,-1,2.22045e-16,0,0,0,1,0.263947,0.256283,0.029192,t
168,7,39,13.7164,5.41546,2.09921,0,0,1,-0.382683,0.92388,0,0.208237,0.0293222,0.0245185,t
